Gene_ID,Clade IIb,Clade I,Clade IIa,Zaire,,,,,,,,,,
WDR54,-1.716777413,NA,NA,NA,,,,,,,,,,
TSPAN9,-1.097777887,NA,NA,NA,,,,,,,,,,
POLA2,-2.339056029,NA,NA,NA,,,,,,,,,,
CLCA4,-3.643051457,NA,NA,NA,,,,CTBP2,,,,,,
CYP24A1,-2.11789452,NA,NA,NA,,,,TXNRD1,,,,,,
RNASET2,-2.750830531,NA,NA,NA,,,,HSPG2,,,,,,
KITLG,-1.676600062,NA,NA,NA,,,,CCNA2,,CCNA2,-2.514501424,NA,NA,NA
FNIP2,-1.063407667,NA,NA,NA,,,,CCNB1,,CCNB1,-2.684593035,-0.869119126,-0.736312751,NA
MPC1,-1.363504311,NA,NA,NA,,,,CCNB2,,CCNB2,-1.603112433,NA,NA,NA
RPL18,-1.850670338,-0.648606097,-0.735479554,NA,,,,BUB1B,,BUB1B,-2.431458242,NA,NA,-0.34975
ATP2C2,-2.355999272,NA,NA,NA,,,,BUB1,,BUB1,-2.28040653,NA,NA,-0.582875
NTHL1,-2.231204467,NA,NA,NA,,,,AURKA,,AURKA,-2.157863191,NA,NA,NA
OAT,-1.22191538,-0.664733259,NA,NA,,,,KIF11,,KIF11,-2.72901755,NA,NA,NA
WDR18,-1.002897795,NA,-0.88261974,NA,,,,CDC20,,CDC20,-1.821017204,NA,-0.97984735,NA
MCM10,-2.71408145,NA,NA,NA,,,,RRM2,,RRM2,-2.568059954,NA,NA,NA
COL17A1,-1.96877789,-0.488357478,NA,NA,,,,UBE2C,,UBE2C,-1.563087107,NA,0.99293917,NA
YBX1,-1.211529865,-0.624280485,-0.568648554,NA,,,,,,,,,,
ASPM,-2.052538855,NA,NA,NA,,,,,,,,,,
PABPC1,-1.395569488,-0.257247544,-0.808711689,NA,,,,,,,,,,
TESK2,-1.716306795,NA,NA,-0.7395,,,,,,,,,,
TRIP13,-1.921303468,NA,NA,NA,,,,,,,,,,
ATP6AP1,-1.045449619,-0.706528431,-0.80560565,NA,,,,,,,,,,
SMC1A,-1.119516728,NA,NA,NA,,,,,,,,,,
HMMR,-2.168856182,NA,NA,-0.61625,,,,,,,,,,
XRCC1,-1.282590157,NA,NA,NA,,,,,,,,,,
SCARB1,-1.170384899,NA,NA,NA,,,,,,,,,,
DHRS9,-1.18783787,0.730414117,0.813428848,NA,,,,,,,,,,
LMAN1,-1.068518332,NA,NA,NA,,,,,,,,,,
SEMA3C,-1.670859906,-0.752947557,-0.933941953,NA,,,,,,,,,,
WDR62,-1.504383964,NA,NA,NA,,,,,,,,,,
REXO2,-1.240819995,-0.774074479,-0.819709018,2.375625,,,,,,,,,,
FBLN1,-2.999521972,NA,NA,NA,,,,,,,,,,
EDN1,-2.600547604,NA,NA,-0.507625,,,,,,,,,,
NDC80,-2.0257484,NA,NA,NA,,,,,,,,,,
HAL,-2.762783764,NA,NA,NA,,,,,,,,,,
PIGS,-1.356733142,NA,NA,NA,,,,,,,,,,
PSMC5,-1.209862249,NA,-0.728107409,NA,,,,,,,,,,
TFAP2C,-1.18423657,-0.920862248,NA,NA,,,,,,,,,,
AURKA,-2.157863191,NA,NA,NA,,,,,,,,,,
TPX2,-1.131678158,-0.831521615,NA,NA,,,,,,,,,,
SLC15A1,-2.162547782,NA,NA,NA,,,,,,,,,,
BIRC5,-4.82778078,NA,NA,NA,,,,,,,,,,
KIF4A,-2.267898968,NA,NA,NA,,,,,,,,,,
NAT14,-1.802976909,NA,NA,NA,,,,,,,,,,
TMEM101,-1.140017316,NA,NA,NA,,,,,,,,,,
CCDC80,-1.896737409,NA,NA,NA,,,,,,,,,,
PSME1,-1.975073203,-0.762623799,-0.842716556,NA,,,,,,,,,,
MYL6,-1.062868944,-0.647299864,-0.539585217,NA,,,,,,,,,,
CDC23,-1.342356163,NA,NA,-0.561875,,,,,,,,,,
TECR,-1.324569629,NA,1.087898567,-0.495375,,,,,,,,,,
POLR2F,-1.359421471,NA,NA,NA,,,,,,,,,,
TIMP3,-1.66846169,NA,NA,NA,,,,,,,,,,
AP1B1,-1.077603375,NA,NA,NA,,,,,,,,,,
MCM5,-1.96770465,NA,NA,-0.409,,,,,,,,,,
SYNGR1,-1.813031093,NA,NA,NA,,,,,,,,,,
ACO2,-1.186643572,NA,NA,NA,,,,,,,,,,
CDKN3,-2.049376083,NA,NA,NA,,,,,,,,,,
DAAM1,-1.467516745,NA,NA,NA,,,,,,,,,,
HIF1A,-1.025051181,-0.789154909,-0.731376026,-0.379625,,,,,,,,,,
PSME2,-1.422399127,0.688568417,0.712589603,NA,,,,,,,,,,
MYBL2,-2.627598643,NA,NA,-0.40275,,,,,,,,,,
TM9SF4,-1.355452534,NA,NA,NA,,,,,,,,,,
IDH3B,-1.237215398,NA,NA,-0.369,,,,,,,,,,
GDPD3,-1.019454547,NA,NA,NA,,,,,,,,,,
MT4,-3.622877963,NA,NA,NA,,,,,,,,,,
COTL1,-1.895838907,-0.913167563,-0.84495222,NA,,,,,,,,,,
QPRT,-4.054029095,NA,NA,NA,,,,,,,,,,
VPS35L,-1.154688929,NA,NA,NA,,,,,,,,,,
CTSH,-2.030209213,NA,NA,-0.597,,,,,,,,,,
CEMIP,-2.552323128,NA,NA,NA,,,,,,,,,,
TGM5,-3.147235824,NA,NA,NA,,,,,,,,,,
NUCB1,-2.171160267,-0.708701696,-0.786796571,-0.3995,,,,,,,,,,
OLFM2,-1.116971634,NA,NA,NA,,,,,,,,,,
CNFN,-1.717754922,0.382476879,-0.44006594,NA,,,,,,,,,,
TMEM205,-1.223765294,0.981766352,1.552113094,NA,,,,,,,,,,
WDR83OS,-1.47707152,-0.935363104,-0.513934122,NA,,,,,,,,,,
DLX5,-1.977683911,NA,NA,NA,,,,,,,,,,
GSDME,-1.223861174,NA,NA,3.74575,,,,,,,,,,
CHCHD2,-1.591962218,-0.523053004,-0.882623767,NA,,,,,,,,,,
PSMA2,-1.33808643,-0.755947546,-0.756325268,NA,,,,,,,,,,
MAP3K8,-1.169600565,NA,NA,NA,,,,,,,,,,
DKK1,-2.26967081,NA,NA,-0.5885,,,,,,,,,,
KRT23,-2.325895748,-0.42932489,-0.500621271,NA,,,,,,,,,,
RUNDC3A,-1.760027929,NA,NA,NA,,,,,,,,,,
MTMR4,-1.106603349,NA,NA,NA,,,,,,,,,,
DHX40,-1.036874216,NA,NA,NA,,,,,,,,,,
BLMH,-1.846850819,NA,NA,-0.664625,,,,,,,,,,
HDAC5,-1.39987283,NA,NA,NA,,,,,,,,,,
INPP4B,-2.59563884,NA,NA,NA,,,,,,,,,,
GAB1,-1.4096689,NA,NA,1.086,,,,,,,,,,
NCAPG,-3.081687148,NA,NA,NA,,,,,,,,,,
CRYAB,-1.075511568,0.391704804,2.221630317,-0.48125,,,,,,,,,,
COMMD9,-1.905964913,NA,NA,NA,,,,,,,,,,
CD81,-1.046762265,NA,NA,NA,,,,,,,,,,
FOXM1,-2.905928005,NA,NA,NA,,,,,,,,,,
COPZ1,-1.261227883,-0.64012376,-0.764822696,NA,,,,,,,,,,
C12orf57,-1.225694921,NA,0.828724143,NA,,,,,,,,,,
COX6A1,-1.399900045,-0.747391881,-0.951151592,-0.45025,,,,,,,,,,
PPARD,-1.395993315,NA,-0.597876661,NA,,,,,,,,,,
GMNN,-2.486087765,NA,NA,NA,,,,,,,,,,
COX7A2,-1.337102314,-0.417037989,-0.613332318,NA,,,,,,,,,,
KIF20A,-2.786504036,NA,NA,-0.79325,,,,,,,,,,
RBP1,-5.622330943,NA,NA,NA,,,,,,,,,,
BCHE,-1.165708466,NA,NA,NA,,,,,,,,,,
C3orf14,-1.72491609,NA,NA,NA,,,,,,,,,,
IL1A,-1.70651281,NA,NA,NA,,,,,,,,,,
NCL,-1.298388981,-0.480843345,-0.448131853,NA,,,,,,,,,,
PPP1R7,-1.32746383,-0.816901591,NA,NA,,,,,,,,,,
RND3,-1.299478788,-0.631062525,-0.490510096,-0.5915,,,,,,,,,,
ATP5PB,-1.697656649,-0.847357707,-0.96673609,-0.589,,,,,,,,,,
NCF2,-2.555593866,NA,NA,NA,,,,,,,,,,
RGS2,-2.817782122,-0.640406617,NA,NA,,,,,,,,,,
MYCL,-2.084860976,NA,NA,NA,,,,,,,,,,
SIPA1L2,-1.718076971,NA,NA,NA,,,,,,,,,,
CDC20,-1.821017204,NA,-0.97984735,NA,,,,,,,,,,
ABCD3,-1.132374803,NA,NA,-0.51775,,,,,,,,,,
STMN1,-1.190750809,NA,NA,NA,,,,,,,,,,
CENPF,-2.275729701,NA,NA,NA,,,,,,,,,,
NRP2,-2.21298347,NA,NA,NA,,,,,,,,,,
SGK1,-1.289630285,NA,0.731181521,-0.654875,,,,,,,,,,
ARG1,-1.909387625,NA,NA,NA,,,,,,,,,,
C1orf198,-1.183480534,-0.971523168,NA,NA,,,,,,,,,,
LTBP2,-1.683930865,NA,NA,NA,,,,,,,,,,
MSX2,-1.108137438,NA,NA,NA,,,,,,,,,,
ARL4A,-1.073056787,NA,NA,NA,,,,,,,,,,
PFDN5,-1.124167798,NA,NA,NA,,,,,,,,,,
HJURP,-3.64232181,NA,NA,NA,,,,,,,,,,
MCEE,-1.922533962,NA,NA,NA,,,,,,,,,,
RPS10,-1.567035363,NA,NA,NA,,,,,,,,,,
MT2A,-1.969428476,NA,-0.81736184,NA,,,,,,,,,,
TNFSF9,-1.39737703,NA,NA,-0.754,,,,,,,,,,
TGM3,-3.110713324,NA,NA,NA,,,,,,,,,,
MGME1,-1.508793915,-0.852923788,-0.812199169,NA,,,,,,,,,,
ERGIC3,-1.023515305,0.610439006,NA,NA,,,,,,,,,,
DLGAP5,-2.765225513,NA,NA,2.61275,,,,,,,,,,
BCL11B,-1.688387658,NA,NA,NA,,,,,,,,,,
HAT1,-1.007231052,NA,NA,NA,,,,,,,,,,
CD68,-1.452604628,NA,-0.685628674,NA,,,,,,,,,,
MPDU1,-1.336243497,NA,NA,NA,,,,,,,,,,
SLC44A2,-1.389592046,-0.915606238,NA,NA,,,,,,,,,,
RPS4Y1,-1.425424457,NA,-0.888278302,3.02975,,,,,,,,,,
FAM155B,-1.493841583,NA,NA,NA,,,,,,,,,,
TNNI2,-4.967354523,NA,NA,NA,,,,,,,,,,
CHMP2A,-1.145093747,NA,NA,NA,,,,,,,,,,
TMEM160,-1.681495596,NA,NA,NA,,,,,,,,,,
ACSS2,-1.212451338,NA,-0.882918562,NA,,,,,,,,,,
COX4I1,-1.116529179,-0.741421053,-0.483317457,-0.264,,,,,,,,,,
COX7B,-1.363199979,-0.495661912,-0.948614799,NA,,,,,,,,,,
GJA9,-2.323995898,NA,NA,NA,,,,,,,,,,
COQ3,-1.406654418,NA,NA,NA,,,,,,,,,,
PDZD2,-1.477018252,NA,NA,NA,,,,,,,,,,
CCNB1,-2.684593035,-0.869119126,-0.736312751,NA,,,,,,,,,,
EMC7,-1.368703448,-0.54674056,NA,NA,,,,,,,,,,
GRHL1,-1.733399076,-0.760183657,NA,NA,,,,,,,,,,
FST,-2.404934922,NA,NA,NA,,,,,,,,,,
TCN1,-3.180277473,NA,NA,NA,,,,,,,,,,
OASL,-1.756696805,0.97679042,NA,NA,,,,,,,,,,
NT5E,-1.549835425,NA,NA,NA,,,,,,,,,,
EHF,-1.789242368,NA,0.97123144,NA,,,,,,,,,,
OS9,-1.178929282,NA,NA,-0.3525,,,,,,,,,,
MRPS9,-1.026417912,NA,-0.683472064,NA,,,,,,,,,,
LMO7,-1.657564928,NA,NA,NA,,,,,,,,,,
GALNT5,-4.762696249,NA,NA,-0.469,,,,,,,,,,
IL1F10,-2.238672501,NA,NA,NA,,,,,,,,,,
DCTN3,-1.250277975,NA,NA,NA,,,,,,,,,,
TUBB2A,-1.393593431,-0.927114258,-0.58934906,NA,,,,,,,,,,
DDX60,-2.117877531,NA,NA,NA,,,,,,,,,,
SORL1,-1.518726004,NA,NA,NA,,,,,,,,,,
THBS1,-2.628866139,NA,NA,NA,,,,,,,,,,
IFI44,-1.889240071,NA,NA,NA,,,,,,,,,,
SLC44A5,-1.858769027,NA,NA,NA,,,,,,,,,,
HADHB,-1.751065051,-0.649374518,-0.742329819,-0.64525,,,,,,,,,,
KIF11,-2.72901755,NA,NA,NA,,,,,,,,,,
CEP55,-5.160597801,NA,NA,NA,,,,,,,,,,
ZNF365,-1.332327732,NA,NA,-0.374375,,,,,,,,,,
B4GALNT3,-1.067461541,NA,-0.85301229,NA,,,,,,,,,,
GLIPR1,-2.445720505,NA,NA,NA,,,,,,,,,,
SNRPF,-1.013021811,-0.841536849,NA,NA,,,,,,,,,,
C12orf10,-1.354737675,NA,NA,NA,,,,,,,,,,
DIAPH3,-1.641180252,NA,NA,NA,,,,,,,,,,
SERF2,-1.491131941,-0.541155015,NA,NA,,,,,,,,,,
SCAMP2,-1.113366368,NA,NA,NA,,,,,,,,,,
FANCI,-1.54434662,NA,NA,NA,,,,,,,,,,
CBX4,-1.274258813,-0.731936604,NA,NA,,,,,,,,,,
MIEN1,-1.055515865,NA,NA,NA,,,,,,,,,,
TMEM50B,-1.281697466,NA,NA,NA,,,,,,,,,,
PSMB6,-1.149097968,-0.896309838,-0.722838154,NA,,,,,,,,,,
KIF2C,-1.573249981,NA,NA,NA,,,,,,,,,,
SLC44A3,-2.149740043,NA,NA,NA,,,,,,,,,,
UFC1,-1.331222109,NA,NA,NA,,,,,,,,,,
TUFT1,-1.486962552,NA,NA,NA,,,,,,,,,,
CGN,-1.904031781,NA,NA,NA,,,,,,,,,,
CTSK,-1.027247036,0.882563281,NA,NA,,,,,,,,,,
RAB13,-1.394619098,-0.662177421,-0.595963609,NA,,,,,,,,,,
FLG,-1.861645474,NA,NA,NA,,,,,,,,,,
RHOB,-1.290393131,NA,0.60266435,NA,,,,,,,,,,
DQX1,-1.810863888,NA,NA,NA,,,,,,,,,,
FAHD2B,-2.391153053,NA,NA,NA,,,,,,,,,,
ABCA12,-1.40790804,-0.583236332,NA,NA,,,,,,,,,,
PHLDB2,-1.286264995,NA,NA,NA,,,,,,,,,,
CCNA2,-2.514501424,NA,NA,NA,,,,,,,,,,
PLK2,-1.969957039,-0.514693382,-0.487573284,NA,,,,,,,,,,
BTF3,-1.086859698,NA,NA,NA,,,,,,,,,,
CDCA5,-2.598041784,NA,NA,NA,,,,,,,,,,
NCAPG2,-1.982152002,NA,NA,NA,,,,,,,,,,
NDUFB11,-1.77577287,-0.885162708,-0.91966911,NA,,,,,,,,,,
POLR2K,-1.016799002,-0.909417828,-0.968750356,NA,,,,,,,,,,
EIF3H,-1.840220589,-0.609983749,-0.744529482,NA,,,,,,,,,,
GPR107,-1.086831661,-0.6961522,-0.91971322,NA,,,,,,,,,,
ADD3,-1.05761241,NA,NA,NA,,,,,,,,,,
SYT8,-3.420697266,NA,NA,NA,,,,,,,,,,
SSRP1,-1.192686714,-0.790912634,-0.743728173,-0.395,,,,,,,,,,
SESN3,-1.155057082,NA,NA,NA,,,,,,,,,,
VPS51,-1.037365547,NA,-0.93873434,NA,,,,,,,,,,
BTBD11,-2.395643083,NA,NA,NA,,,,,,,,,,
NBAS,-1.196777922,NA,NA,NA,,,,,,,,,,
HSPB8,-1.089837736,NA,NA,NA,,,,,,,,,,
PFKM,-1.413282314,NA,-0.884287941,-0.433875,,,,,,,,,,
SKA1,-2.186731221,NA,NA,NA,,,,,,,,,,
TMEM237,-1.534225469,NA,NA,NA,,,,,,,,,,
RAET1L,-1.123282974,-0.512518506,-0.758589884,NA,,,,,,,,,,
PSD3,-1.638214439,NA,NA,NA,,,,,,,,,,
BUB1B,-2.431458242,NA,NA,-0.34975,,,,,,,,,,
SSBP3,-1.395013855,NA,NA,NA,,,,,,,,,,
CCNB2,-1.603112433,NA,NA,NA,,,,,,,,,,
SLC35B2,-1.498663292,NA,NA,NA,,,,,,,,,,
SPPL3,-1.407346071,NA,NA,NA,,,,,,,,,,
XDH,-1.289665508,NA,NA,NA,,,,,,,,,,
TENT5B,-1.687621541,NA,-0.321570328,NA,,,,,,,,,,
ADIPOR1,-1.058440721,-0.915996464,-0.969153233,NA,,,,,,,,,,
LCE2B,-1.284258893,NA,NA,NA,,,,,,,,,,
LYPD5,-1.936832006,NA,NA,NA,,,,,,,,,,
CALM3,-1.072241542,-0.594815117,-0.791828331,NA,,,,,,,,,,
ZNF385A,-2.022756251,-0.507471374,NA,NA,,,,,,,,,,
JMJD8,-1.595740804,NA,NA,NA,,,,,,,,,,
GBP2,-1.961905339,1.690822877,NA,NA,,,,,,,,,,
C1orf74,-1.054294879,NA,-0.841532268,NA,,,,,,,,,,
SPATA18,-2.607111824,NA,NA,NA,,,,,,,,,,
SPRR3,-2.395550882,-0.716559398,NA,NA,,,,,,,,,,
SPRR2D,-2.390796129,NA,-0.80316308,NA,,,,,,,,,,
GPR155,-2.69242839,NA,NA,NA,,,,,,,,,,
KIAA1143,-1.443179706,NA,NA,NA,,,,,,,,,,
NSA2,-1.367465959,-0.881917797,-0.929359221,NA,,,,,,,,,,
ADGRF2,-4.420363453,NA,NA,NA,,,,,,,,,,
CITED2,-1.957983703,-0.685305643,-0.686919358,NA,,,,,,,,,,
MIOS,-1.025466198,NA,NA,NA,,,,,,,,,,
DNAAF5,-1.290488311,NA,NA,NA,,,,,,,,,,
AQP3,-1.796641483,NA,-0.582629026,NA,,,,,,,,,,
SKA3,-4.726603201,NA,NA,NA,,,,,,,,,,
SERPINA12,-2.687359887,NA,NA,NA,,,,,,,,,,
CKB,-1.620763286,NA,NA,NA,,,,,,,,,,
NOLC1,-1.3825692,-0.552677058,NA,NA,,,,,,,,,,
USP54,-2.771572613,NA,NA,NA,,,,,,,,,,
WEE1,-1.286557803,NA,NA,-0.521625,,,,,,,,,,
MCM7,-1.091952331,1.383679195,1.390974599,NA,,,,,,,,,,
SEC11C,-1.34004718,NA,NA,NA,,,,,,,,,,
CDH16,-1.578872307,NA,NA,NA,,,,,,,,,,
HSP90B1,-1.080957784,NA,-0.684541941,NA,,,,,,,,,,
B2M,-2.436091153,0.784385774,NA,NA,,,,,,,,,,
SCNN1G,-2.232669958,NA,NA,-0.623,,,,,,,,,,
NAV2,-2.821198596,NA,NA,NA,,,,,,,,,,
CDT1,-2.35889532,NA,NA,NA,,,,,,,,,,
EEF2,-1.450918315,0.280058115,0.188868403,-0.52925,,,,,,,,,,
NXN,-1.063158904,-0.744604296,NA,NA,,,,,,,,,,
KLK13,-2.6597064,NA,NA,NA,,,,,,,,,,
KRT80,-2.12731786,NA,-0.831845263,NA,,,,,,,,,,
CDK2AP2,-1.306678576,NA,-0.918370054,NA,,,,,,,,,,
KRT24,-4.182758059,NA,NA,NA,,,,,,,,,,
BSCL2,-1.279266651,-0.966152446,NA,NA,,,,,,,,,,
SAC3D1,-1.954837022,NA,NA,-0.625875,,,,,,,,,,
PBK,-1.950818524,NA,NA,NA,,,,,,,,,,
VASN,-1.609665567,NA,NA,NA,,,,,,,,,,
FILIP1L,-2.589443978,NA,NA,NA,,,,,,,,,,
SCNN1B,-3.408094776,NA,NA,NA,,,,,,,,,,
PHYHIP,-1.773612269,NA,NA,NA,,,,,,,,,,
MN1,-1.6765374,NA,NA,NA,,,,,,,,,,
CKAP2L,-4.392047476,NA,NA,NA,,,,,,,,,,
BUB1,-2.28040653,NA,NA,-0.582875,,,,,,,,,,
MT1E,-2.340707108,NA,-0.969678409,NA,,,,,,,,,,
PCDH7,-1.80538351,NA,NA,NA,,,,,,,,,,
ROBO1,-1.505322395,NA,NA,NA,,,,,,,,,,
SLC30A1,-1.854810717,NA,-0.6376264,-0.709875,,,,,,,,,,
KRT4,-4.458252913,NA,NA,-0.444625,,,,,,,,,,
NUDT9,-1.396138395,-0.886714219,NA,NA,,,,,,,,,,
SHCBP1,-2.814046264,NA,NA,NA,,,,,,,,,,
KRT15,-2.668777092,NA,NA,-0.4735,,,,,,,,,,
KRT9,-2.829013809,NA,NA,NA,,,,,,,,,,
RRM2,-2.568059954,NA,NA,NA,,,,,,,,,,
ID4,-2.318190195,NA,NA,-0.559,,,,,,,,,,
OVOL1,-1.769348052,-0.622977642,-0.99068473,-0.5365,,,,,,,,,,
CES4A,-1.988867003,NA,NA,NA,,,,,,,,,,
HPSE,-1.202283221,NA,NA,NA,,,,,,,,,,
COQ2,-1.288355611,NA,NA,NA,,,,,,,,,,
COMMD1,-1.05381083,NA,NA,NA,,,,,,,,,,
NWD2,-2.295628531,NA,NA,NA,,,,,,,,,,
ZHX3,-1.441465967,NA,NA,NA,,,,,,,,,,
GLIS1,-2.065154303,NA,NA,NA,,,,,,,,,,
EXO1,-4.482640167,NA,NA,-0.566875,,,,,,,,,,
MRPL11,-1.381028276,NA,-0.99110367,NA,,,,,,,,,,
NDUFA11,-1.064419922,NA,-0.95348984,NA,,,,,,,,,,
RAB1B,-1.374840759,-0.599301996,-0.7202393,NA,,,,,,,,,,
UBE2C,-1.563087107,NA,0.99293917,NA,,,,,,,,,,
CLTB,-1.865844,-0.844736176,-0.931506323,NA,,,,,,,,,,
TOM1L2,-1.524092373,NA,NA,NA,,,,,,,,,,
SLC35A4,-1.266412476,-0.604576051,NA,NA,,,,,,,,,,
ZBTB8OS,-1.224379697,NA,-0.972995831,NA,,,,,,,,,,
TYMS,-3.302288382,NA,NA,-0.459375,,,,,,,,,,
FAM89B,-2.065784604,NA,NA,NA,,,,,,,,,,
PPFIA3,-1.269088423,NA,NA,-0.32625,,,,,,,,,,
ZFAS1,-1.664785082,NA,-0.666356141,NA,,,,,,,,,,
STX19,-2.455710611,NA,NA,NA,,,,,,,,,,
GEMIN4,-1.045195773,NA,NA,NA,,,,,,,,,,
NKPD1,-1.790433399,NA,NA,NA,,,,,,,,,,
BACE2,-1.907734361,NA,NA,NA,,,,,,,,,,
NLRP10,-1.513244708,NA,NA,NA,,,,,,,,,,
XKRX,-1.882324279,NA,NA,NA,,,,,,,,,,
EPHB3,-1.444204795,NA,-0.968569837,NA,,,,,,,,,,
NAA38,-1.422779801,NA,NA,NA,,,,,,,,,,
OVCH2,-3.245369189,NA,NA,NA,,,,,,,,,,
TBL3,-1.136749303,NA,NA,-0.68,,,,,,,,,,
CRELD2,-1.616104688,NA,NA,NA,,,,,,,,,,
ZBTB7C,-2.507242384,NA,NA,NA,,,,,,,,,,
UBALD2,-1.492609144,NA,NA,NA,,,,,,,,,,
PSMD13,-1.110225223,NA,NA,NA,,,,,,,,,,
PMEL,-3.405802021,NA,NA,NA,,,,,,,,,,
IFIT1,-3.244996513,NA,NA,-0.7005,,,,,,,,,,
LAMP1,-1.142189529,0.540021944,NA,-0.599875,,,,,,,,,,
SAPCD2,-4.003650157,NA,NA,NA,,,,,,,,,,
THBS2,-3.066126488,NA,-0.792443411,NA,,,,,,,,,,
FAM183A,-1.21436826,NA,NA,NA,,,,,,,,,,
NAP1L1,-1.12538441,NA,NA,NA,,,,,,,,,,
MT1X,-1.60863761,1.374668197,NA,NA,,,,,,,,,,
CHP1,-1.070573012,-0.564193315,NA,NA,,,,,,,,,,
ISG15,-2.361451804,-0.971228752,NA,NA,,,,,,,,,,
TPRG1,-4.368723737,NA,NA,NA,,,,,,,,,,
CLDN4,-1.801860443,NA,-0.544536287,-0.484375,,,,,,,,,,
MAOA,-2.010954891,-0.790765095,NA,NA,,,,,,,,,,
ALG1L,-2.131943031,NA,NA,NA,,,,,,,,,,
RASSF10,-2.935135078,NA,NA,NA,,,,,,,,,,
SEMA4A,-2.671254889,NA,NA,NA,,,,,,,,,,
IPO4,-1.134928104,NA,-0.987884173,NA,,,,,,,,,,
NACA,-1.176857262,NA,-0.855487418,NA,,,,,,,,,,
PELI1,-1.065135426,NA,NA,NA,,,,,,,,,,
MRPL21,-1.395459458,NA,NA,NA,,,,,,,,,,
HHLA3,-1.837478522,NA,NA,NA,,,,,,,,,,
SERPINB2,-1.643285132,NA,-0.561223691,NA,,,,,,,,,,
DPP4,-2.491068494,NA,NA,NA,,,,,,,,,,
PDCD1LG2,-5.420435633,NA,NA,NA,,,,,,,,,,
CFD,-4.624954144,NA,NA,NA,,,,,,,,,,
AADACL2,-4.62814961,NA,NA,NA,,,,,,,,,,
TMPRSS11F,-1.716266339,NA,NA,NA,,,,,,,,,,
GET3,-1.499379814,-0.456389489,NA,-0.306,,,,,,,,,,
MT1F,-1.803003006,NA,NA,NA,,,,,,,,,,
CTNND1,-1.41642079,-0.543990876,-0.844221457,-0.294375,,,,,,,,,,
COPS8,-1.104877039,-0.880358164,-0.928211724,NA,,,,,,,,,,
PRC1,-1.59537456,NA,NA,-0.49225,,,,,,,,,,
RPL39,-1.273886373,NA,NA,-0.68225,,,,,,,,,,
MFAP3L,-2.010162163,NA,NA,NA,,,,,,,,,,
LOR,-2.895638103,NA,NA,NA,,,,,,,,,,
LIPN,-2.389643382,NA,NA,NA,,,,,,,,,,
MAFB,-1.064133743,NA,0.821876895,NA,,,,,,,,,,
SMIM5,-2.587725032,NA,NA,NA,,,,,,,,,,
SDHD,-1.073238405,NA,NA,NA,,,,,,,,,,
LY6G6C,-2.834374544,-0.533118945,NA,NA,,,,,,,,,,
PSORS1C2,-2.347276193,NA,NA,NA,,,,,,,,,,
CDSN,-1.461986019,0.591563666,NA,NA,,,,,,,,,,
HLA-E,-1.132489067,0.509780483,0.529062066,NA,,,,,,,,,,
MT1H,-1.769156201,NA,NA,NA,,,,,,,,,,
MT1M,-2.056889318,NA,NA,NA,,,,,,,,,,
HLA-A,-1.295197926,1.164365295,1.487366498,NA,,,,,,,,,,
ERV3-1,-1.327792886,NA,NA,-0.58325,,,,,,,,,,
NDUFS3,-1.156225535,NA,NA,NA,,,,,,,,,,
ATF6B,-1.246812951,NA,-0.851180392,-0.531875,,,,,,,,,,
LTB4R2,-1.63746286,NA,NA,NA,,,,,,,,,,
FIS1,-1.331866359,-0.885745261,-0.785845883,NA,,,,,,,,,,
RPTN,-3.354237264,NA,NA,NA,,,,,,,,,,
VPS52,-1.240656472,NA,NA,NA,,,,,,,,,,
TINCR,-1.710982642,NA,NA,NA,,,,,,,,,,
SCAMP4,-1.207976491,NA,NA,NA,,,,,,,,,,
RPL41,-1.123259734,NA,NA,-0.577125,,,,,,,,,,
LNCAROD,-2.982149705,NA,NA,NA,,,,,,,,,,
AL159166.1,-2.79467572,NA,NA,NA,,,,,,,,,,
LINC01819,-3.490356196,NA,NA,NA,,,,,,,,,,
UQCRHL,-1.640958398,NA,NA,NA,,,,,,,,,,
ZSCAN31,-1.568817147,NA,NA,NA,,,,,,,,,,
WAKMAR2,-3.094647964,NA,NA,NA,,,,,,,,,,
EIF4EBP3,-1.113263999,NA,NA,NA,,,,,,,,,,
PSG4,-2.776552753,NA,NA,NA,,,,,,,,,,
PRAF2,-1.067179941,NA,NA,-0.558625,,,,,,,,,,
ASPRV1,-1.340804971,0.680834843,NA,NA,,,,,,,,,,
H2AFJ,-2.295188334,-0.635386045,-0.719984907,NA,,,,,,,,,,
AC093866.1,-2.379309412,NA,NA,NA,,,,,,,,,,
LINC02159,-3.038967025,NA,NA,NA,,,,,,,,,,
SLC22A18AS,-2.412474979,NA,NA,NA,,,,,,,,,,
SNHG9,-1.094148859,0.698373659,NA,NA,,,,,,,,,,
CARD17,-2.427106797,NA,NA,NA,,,,,,,,,,
HCAR3,-2.28348073,NA,NA,-0.45125,,,,,,,,,,
AL732437.1,-2.340202367,NA,NA,NA,,,,,,,,,,
C17orf49,-1.459654068,NA,NA,NA,,,,,,,,,,
LINC00520,-1.356664347,NA,NA,NA,,,,,,,,,,
GJA5,-4.546904872,NA,NA,NA,,,,,,,,,,
RASSF5,-1.662901138,NA,NA,NA,,,,,,,,,,
LIVAR,-4.043868659,NA,NA,NA,,,,,,,,,,
SNHG25,-2.060947938,NA,NA,NA,,,,,,,,,,
AC115522.1,-2.832007301,NA,NA,NA,,,,,,,,,,
MMP28,-3.341369093,NA,NA,NA,,,,,,,,,,
AC103718.1,-3.415449537,NA,NA,NA,,,,,,,,,,
