Category,Term,Count,%,PValue,Genes,List Total,Pop Hits,Pop Total,Fold Enrichment,Bonferroni,Benjamini,,FDR
GOTERM_MF_DIRECT,GO:0003735~structural constituent of ribosome,11,5.789473684,5.19E-06,"RPS26, RPS4X, RPS25, RPS27, RPS3, RPS3A, RPS2, RPS4Y1, RPS21, RPS24, RPS23",161,191,18976,6.787941856,0.001597876,0.00159915,structural constituent of ribosome,0.001573189
GOTERM_MF_DIRECT,GO:0005520~insulin-like growth factor binding,5,2.631578947,3.80E-05,"IGFBP4, IGFBP3, IGFBP7, IGFBP6, CCN1",161,23,18976,25.62246827,0.011648082,0.005858115,insulin-like growth factor binding,0.005763016
GOTERM_MF_DIRECT,GO:0016303~1-phosphatidylinositol-3-kinase activity,4,2.105263158,6.76E-05,"PIK3CA, PIK3C2G, PIK3C3, PIK3C2B",161,10,18976,47.14534161,0.020604298,0.006939608,1-phosphatidylinositol-3-kinase activity,0.006826952
GOTERM_MF_DIRECT,GO:0052742~phosphatidylinositol kinase activity,4,2.105263158,3.04E-04,"PIK3CA, PIK3C2G, PIK3C3, PIK3C2B",161,16,18976,29.46583851,0.089370554,0.023401248,phosphatidylinositol kinase activity,0.023021358
GOTERM_MF_DIRECT,GO:0005515~protein binding,127,66.84210526,5.33E-04,"WASHC4, RRH, GBA1, PLAT, AUP1, ICAM5, TTF1, CAPN6, TRIM29, PLAU, CAPN3, CCN1, PHLDA1, TLE4, CUBN, DDX18, TLE2, METTL1, IGFBP4, FBXW11, IGFBP3, FOXH1, CACNB4, ULK3, TRIM14, YME1L1, UTRN, RPN2, GATA6, SPATA2, GATA4, CYB5R3, FUT9, PCBP2, DHX38, IGFBP7, IGFBP6, CBX6, EIF2B3, CBX5, EIF2B2, OSBPL3, STAM, RPS26, RPS25, MLLT10, RPS27, CAPRIN1, PLEKHM2, SLC26A4, RPS21, RPS23, GSDME, GMEB1, C2CD3, ELL, GBE1, TNFAIP2, ASH2L, TNFAIP1, PIK3C2B, FARS2, RPS4X, DLGAP5, POLG, ARHGEF11, NUDC, WDR37, ARHGEF17, DHPS, TNNC2, PLAUR, GAB1, IQCE, RPS3A, MTSS1, NIPSNAP2, TNFRSF1A, PLCB4, DNAJC7, PIK3CA, CLDN12, TAX1BP1, PIK3C3, CLDN16, KIFC3, TKT, PLCB2, NFAT5, C1S, WAS, FOXK2, TTK, CCNDBP1, LRP8, COCH, JAKMIP2, POLR2A, SERTAD2, PLAGL1, RPS3, E2F2, ZNF623, SLC25A20, RPS2, SASH1, CLASP1, MBD4, PTGES3, MBD2, TTC1, PNMA2, NPM3, PEX14, HINFP, RGP1, NELL1, SPCS2, MYO1B, MCM3AP, KIAA0586, POLE2, CAPZA1, CAPZA2, TTC3, CCDC6, ZNF212",161,12657,18976,1.182637747,0.151505728,0.032849627,,0.032316354
GOTERM_MF_DIRECT,GO:0035005~1-phosphatidylinositol-4-phosphate 3-kinase activity,3,1.578947368,0.001443037,"PIK3CA, PIK3C2G, PIK3C2B",161,7,18976,50.51286602,0.35903244,0.074075907,,0.072873376
GOTERM_MF_DIRECT,GO:0031995~insulin-like growth factor II binding,3,1.578947368,0.001913404,"IGFBP4, IGFBP3, IGFBP6",161,8,18976,44.19875776,0.445613294,0.084189754,,0.082823037
GOTERM_MF_DIRECT,GO:0003682~chromatin binding,12,6.315789474,0.003598111,"TLE4, NFAT5, MLLT10, MCM3AP, CBX6, CBX5, MBD2, GATA6, TTF1, NPM3, POLG, HINFP",161,502,18976,2.817450694,0.670512506,0.138527292,,0.136278473
GOTERM_MF_DIRECT,GO:0031994~insulin-like growth factor I binding,3,1.578947368,0.005184643,"IGFBP4, IGFBP3, IGFBP6",161,13,18976,27.19923555,0.798310137,0.177430014,,0.174549657
GOTERM_MF_DIRECT,GO:0019900~kinase binding,5,2.631578947,0.012440891,"POLR2A, TAX1BP1, RPS3, TTC28, JAKMIP2",161,106,18976,5.559592172,0.978843955,0.383179458,,0.376959012
GOTERM_MF_DIRECT,GO:0005085~guanyl-nucleotide exchange factor activity,7,3.684210526,0.015015109,"ARHGEF11, RGP1, PLEKHG3, EIF2B3, EIF2B2, HERC1, ARHGEF17",161,236,18976,3.495946942,0.990530933,0.420423052,,0.413598002
GOTERM_MF_DIRECT,GO:0003729~mRNA binding,7,3.684210526,0.021224251,"RPS26, CAPRIN1, MBD2, PCBP2, RPS3, RPS2, EIF4G3",161,255,18976,3.235464621,0.998649714,0.509357753,,0.501088959
GOTERM_MF_DIRECT,"GO:0001228~transcriptional activator activity, RNA polymerase II transcription regulatory region sequence-specific binding",10,5.263157895,0.021498866,"NFAT5, NEUROD2, GMEB1, PLAGL1, FOXH1, FOXK2, E2F2, GATA4, ZNF212, HINFP",161,483,18976,2.440235073,0.998761515,0.509357753,,0.501088959
GOTERM_MF_DIRECT,GO:0005102~receptor binding,9,4.736842105,0.023767084,"IGFBP4, NXPH4, PLAUR, GBA1, PLAT, IGFBP6, PEX14, MTSS1, ANGPTL1",161,412,18976,2.574684918,0.999394015,0.522875858,,0.514387614
GOTERM_MF_DIRECT,GO:0003779~actin binding,8,4.210526316,0.026513687,"PLEKHG3, MYO1B, CAPZA1, TNNC2, CAPZA2, WAS, UTRN, MTSS1",161,343,18976,2.748999511,0.999745555,0.544414369,,0.535576473
GOTERM_MF_DIRECT,GO:0008017~microtubule binding,7,3.684210526,0.028419512,"CAPN6, RPS3, KIFC3, CLASP1, DLGAP5, PEX14, JAKMIP2",161,273,18976,3.022137283,0.999860856,0.547075605,,0.538194508
GOTERM_MF_DIRECT,GO:0003696~satellite DNA binding,2,1.052631579,0.041457845,"MBD4, MBD2",161,5,18976,47.14534161,0.999997831,0.751118604,,0.738925121
GOTERM_MF_DIRECT,GO:0043515~kinetochore binding,2,1.052631579,0.049542118,"TTK, CLASP1",161,6,18976,39.28778468,0.99999984,0.800981626,,0.787978677
GOTERM_MF_DIRECT,GO:0051525~NFAT protein binding,2,1.052631579,0.049542118,"GATA6, GATA4",161,6,18976,39.28778468,0.99999984,0.800981626,,0.787978677
GOTERM_MF_DIRECT,GO:0000976~transcription regulatory region sequence-specific DNA binding,6,3.157894737,0.052011794,"FOXH1, GATA6, FOXK2, GATA4, ASH2L, HINFP",161,239,18976,2.958912654,0.999999928,0.800981626,,0.787978677
GOTERM_MF_DIRECT,GO:0005509~calcium ion binding,12,6.315789474,0.05547825,"SNED1, NELL1, CUBN, PCDHGA12, PLCB4, C1S, TNNC2, CAPN3, TKT, PLCB2, LRP8, CAPS",161,756,18976,1.870846889,0.999999977,0.813680994,,0.800471887
GOTERM_MF_DIRECT,GO:0003677~DNA binding,18,9.473684211,0.062081326,"MBD4, FOXH1, MBD2, GATA6, PAX4, GATA4, TTF1, HINFP, NEUROD2, MLLT10, RPS27, POLR2A, PLAGL1, POLE2, RPS3, E2F2, TCFL5, POLG",161,1347,18976,1.575011413,0.999999997,0.869138564,,0.855029171
GOTERM_MF_DIRECT,GO:0003723~RNA binding,19,10,0.07503374,"DDX18, RPS3A, RPS4Y1, NPM3, RPS4X, RPS26, RPS25, RPS27, POLR2A, CAPRIN1, BMS1, PCBP2, RPS3, DHX38, RPS2, EIF4G3, RPS21, RPS24, RPS23",161,1483,18976,1.510049715,1,1,,0.986970684
GOTERM_MF_DIRECT,"GO:0003700~transcription factor activity, sequence-specific DNA binding",10,5.263157895,0.078465709,"NFAT5, NEUROD2, FOXH1, GATA6, FOXK2, E2F2, GATA4, ZNF212, HINFP, TCFL5",161,618,18976,1.907174014,1,1,,0.986970684
GOTERM_MF_DIRECT,GO:0000987~core promoter proximal region sequence-specific DNA binding,3,1.578947368,0.091113449,"ELL, FOXH1, E2F2",161,60,18976,5.893167702,1,1,,0.986970684
GOTERM_MF_DIRECT,GO:0070410~co-SMAD binding,2,1.052631579,0.096644396,"FOXH1, GATA4",161,12,18976,19.64389234,1,1,,0.986970684
GOTERM_MF_DIRECT,GO:0004629~phospholipase C activity,2,1.052631579,0.096644396,"PLCB4, PLCB2",161,12,18976,19.64389234,1,1,,0.986970684
