category,ID,term,count,genes,logFC,adj_pval,zscore
CC,GO:0005829,cytosol,129,"TES, GOLT1A, DOCK11, RASSF3, FTH1, FPGS, TRIM27, SYNPO, PDE8A, PPFIA4, FBXO9, KRT8, HUS1, KLHL42, MYL5, DGKQ, DDIT4, HSBP1L1, ULK2, UPRT, TRIB3, DENND6A, NEIL1, TRIM11, CARD11, ZNF397, PXK, EIF5A2, HELZ2, HRH1, ATXN7, DVL1, TNRC18, RHPN2, RAB6B, RAB11FIP3, PCK2, VASP, MOAP1, XBP1, PHETA2, SMAD4, SRMS, ATP8B2, GFPT1, EIF2AK2, SPART, CCDC88A, AGO4, NOXA1, CAPRIN2, SPIRE1, CORO7, MAP3K11, USP35, DOCK9, CEP164, SLC2A1, HCCS, LIMD1, LARP1B, CDC73, LIMD2, WDR44, UCHL1, PPP3CC, IMPA1, RASGEF1A, AIFM2, SNAPC2, UBE2Q2, CASP3, DGCR8, MAN1A1, C19ORF12, LRRFIP1, NINL, ABCD1, KLF12, VPS9D1, PARP4, SPHK2, ARHGEF16, TRAF2, ARFGAP3, RENBP, VAV2, PTP4A2, SLC7A5, CREB3, PITPNM1, GAN, TRAF5, IRF5, SYNC, PAFAH1B2, TRIM56, RNF34, TRIM16L, DENND3, MTHFD1L, CBS, TRIM47, WHAMM, ANKRD52, SH2B3, PDLIM7, SNCA, KDM4B, FKRP, CDC42BPG, TXNRD1, GSR, SPRY4, DDHD2, CDC42BPB, PLEKHA8, KLF8, KLHL9, ITCH, NOL4L, SPRY2, KRAS, TACC1, CAMK1, PKN1, SEC24D, SIPA1, TNRC6A",0.002971355,8.51E-06,1.404558564
CC,GO:0016020,membrane,88,"ANKRD13B, TMEM200B, DOCK9, GOLT1A, LPCAT1, SLC2A1, SNX10, HCCS, SLC2A3, VLDLR, SLC4A2, CELSR1, PEAR1, PKD1, TMEM263, PRSS21, MRC2, STBD1, FLVCR1, MAN1A1, CLCC1, ABCD1, SLFN12L, ABCC3, SLC38A1, PARP4, SPHK2, CSGALNACT2, ARFGAP3, LEMD2, FRS3, SLC7A5, CREB3, PITPNM1, CERS2, TLCD5, SMIM24, KDM3A, RGS19, LRP1, CBFB, SDC3, ADCY4, ADCY3, SLC1A4, ITPRIPL2, PCNX3, HELZ2, APH1B, MTHFD1L, GPAT4, FAM241B, SNCA, CD276, TM4SF19, SLC37A1, ACE, CMTM4, IQSEC1, PLEKHA2, TPBG, TNK1, SPRY4, DDHD2, EIF2AK2, LHFPL2, CDC42BPB, ATP2B1, TMCO3, DLK2, PLEKHA8, VEGFA, CCDC88A, ITCH, SLC6A9, P4HA1, ABHD17A, AGO4, TSPAN17, UST, SPRY2, KRAS, EPPK1, TACC1, CORO7, MAP3K11, SIPA1, CDS2",0.02165382,1.24E-04,1.46627726
CC,GO:0000139,Golgi membrane,23,"FKRP, GALNT4, GOLT1A, FUT11, CSGALNACT2, LPCAT1, SLC2A1, ARFGAP3, FUT2, PKD1, PLEKHA8, CREB3, APH1B, MAN2A2, UST, KRAS, MAN1A1, CORO7, WHAMM, CLCC1, RAB6B, RAB11FIP3, CHST3",0.261052635,0.002244005,2.039279932
CC,GO:0031463,Cul3-RING ubiquitin ligase complex,5,"KLHL9, GAN, ENC1, LZTR1, KLHL42",0.266242265,0.003287401,8.061455568
CC,GO:0016323,basolateral plasma membrane,12,"ABCC3, SLC7A5, SLC38A1, LRP1, SLC6A9, CLDN7, SLC2A1, EPPK1, SLC4A2, ATP2B1, RAB17, PKD1",0.266242265,0.003814359,2.816876428
CC,GO:0012505,endomembrane system,9,"NRBP2, RNF34, ATP8B2, DOCK9, BIK, RAB17, LZTR1, GDPD5, RAB6B",0.424387411,0.007296059,3.205834656
CC,GO:0016328,lateral plasma membrane,6,"SLC6A9, CLDN7, DVL1, DSG2, ATP2B1, PKD1",0.442736712,0.008880106,4.712850947
CC,GO:0005634,nucleus,120,"TES, SMC5, ZDBF2, RASSF1, RASSF3, ZMIZ2, FTH1, SCMH1, TRIM27, SYNPO, CDKL2, ZNF284, ZNF282, ZNF160, KRT8, HUS1, SAP30, OVOL2, MOB3C, DGKQ, ZNF319, HSBP1L1, HOXB2, TRIB3, NEIL1, BCORL1, KCTD15, ZNF397, L3MBTL1, ZNF275, PXK, CBFB, CTBP2, CTBP1, EIF5A2, MED30, DEAF1, ATXN7, NACC2, ZKSCAN2, ZNF664, PLK3, XBP1, SMAD4, EIF2AK2, MEX3D, SMARCA1, ZNF37A, AGO4, BHLHE40, ZNF416, ZNF778, RBAK, RCOR1, MUS81, USP35, ZNF251, CHD7, SNX10, LIMD1, PKD1, LARP1B, CDC73, ZNF805, AIFM2, SNAPC2, ZC3H7B, UBE2Q2, CASP3, ENC1, SPEG, DGCR8, LRRFIP1, ACADS, EID2B, TGIF1, CERS5, PARP4, KLF13, SPHK2, PTP4A2, MED22, CREB3, PTP4A3, NPEPL1, KIFC2, ZNF514, IRF5, JDP2, KDM7A, CERS2, LAMA5, KDM3A, RNF34, LRP1, PPM1M, MLLT6, PDLIM2, CBS, TRIM47, ANKRD52, ZNF224, ZNF587, SNCA, KDM4B, PLEKHA2, BNIP3, WTIP, VEGFA, SHLD2, RPA4, SPRY2, ZNF337, TACC1, CAMK1, BCOR, PKN1, SIPA1, ZFP28, ZNF354B",0.482977145,0.01107964,1.205253685
CC,GO:0030496,midbody,9,"KLHL9, SPART, RALB, PITPNM1, KATNAL1, SLC2A1, TACC1, PKN1, RAB11FIP3",0.482977145,0.012454998,2.917479158
CC,GO:0005874,microtubule,12,"SHTN1, EML5, RASSF1, RASSF3, KATNAL1, KIFC2, DVL1, KIF12, WHAMM, NINL, MID2, MAP3K11",0.696913263,0.019968861,2.22116238
CC,GO:0005737,cytoplasm,112,"ANKRD13B, TES, SMC5, ALDH1L2, PTPDC1, NRBP2, RASSF1, RASSF3, CFL2, FTH1, FPGS, DZIP1L, TRIM27, PPFIA4, FBXO9, TNS1, CDKL2, KRT8, FRS3, MID2, MYL5, SHTN1, EML5, MOB3C, KATNAL1, DGKQ, DDIT4, ULK2, UPRT, DENND6A, NEIL1, TRIM11, CARD11, ZNF397, PXK, HELZ2, DEAF1, VASP, MOAP1, PLK3, XBP1, SMAD4, SRMS, TNK1, EIF2AK2, TDRD7, SPART, MFHAS1, CCDC88A, AGO4, BHLHE40, CAPRIN2, CDC42SE2, KIF12, ADM, LIMD1, PKD1, PRSS21, UCHL1, PPP3CC, IMPA1, AIFM2, CASP3, ENC1, DGCR8, LRRFIP1, ABCD1, PARP4, SPHK2, VAV2, ANO1, PTP4A2, MED22, CREB3, PTP4A3, NPEPL1, KIFC2, PITPNM1, GAN, IRF5, DBN1, PAFAH1B2, TRIM56, KDM3A, RNF34, TP53I13, TRIM16L, ADCY4, ADCY3, CBS, WHAMM, MICA, SNCA, CCDC57, PLEKHA2, CDC42BPG, TXNRD1, BNIP3, SPRY4, DDHD2, CDC42BPB, SPATA2L, VEGFA, ITCH, DBNDD2, SPRY2, PTPN9, KRAS, EPPK1, TACC1, PKN1, SIPA1",0.69832435,0.022305705,1.189033266
CC,GO:0030018,Z disc,7,"PDLIM2, CFL2, KRT8, SLC2A1, SYNPO, SYNC, PDLIM7",0.69832435,0.024011152,3.153451737
CC,GO:0005783,endoplasmic reticulum,29,"GOLT1A, CTSZ, SEMA3B, LPCAT1, PLOD2, SNX10, AGPAT2, PKD1, APH1B, GPAT4, STBD1, MAN1A1, C19ORF12, CLCC1, TMED5, CERS5, XBP1, SPHK2, BNIP3, TPBG, CGRRF1, LEMD2, VEGFA, CCDC88A, CREB3, SELENOS, P4HA1, CERS2, CDS2",0.756703718,0.028186671,1.51212324
CC,GO:0098944,postsynaptic recycling endosome membrane,2,"ABHD17A, RAB11FIP3",0.76344097,0.032283048,61.26706231
CC,GO:0005769,early endosome,11,"ANKRD13B, PTP4A2, PHETA2, PXK, PTP4A3, ITCH, LRP1, TRIM27, RAB17, ATP9A, C1ORF210",0.76344097,0.032812649,2.153155545
CC,GO:0005654,nucleoplasm,81,"MUS81, PDCD7, CHD7, CEP164, SMC5, CELSR1, LIMD1, ALDH1L2, DCAF4, PTPDC1, CDC73, LIMD2, UCHL1, SNAPC2, ZMIZ2, CASP3, SCMH1, ENC1, DGCR8, TRIM27, ACADS, EID2B, TGIF1, CDKL2, KLF12, PARP4, SPHK2, KRT8, HUS1, TRAF2, CGRRF1, SAP30, ANO1, CREB3, HOXB2, TRIB3, UPRT, NEIL1, BCORL1, TRIM11, KDM7A, TRIM56, L3MBTL1, KDM3A, RNF34, CBFB, CTBP1, HELZ2, MNT, MED30, DEAF1, ATXN7, TNRC18, RAB11FIP2, ZNF224, RAB11FIP3, PDLIM7, PLK3, XBP1, KDM4B, SMAD4, FKRP, TXNRD1, BNIP3, ATP2B1, SMARCA1, PLEKHA8, KLF8, ITCH, NOL4L, SHLD3, SHLD2, CAPRIN2, RPA4, PTPN9, SPIRE1, PKN1, BCOR, RBAK, RCOR1, TNRC6A",0.769950695,0.036589815,1.217525036
CC,GO:0055038,recycling endosome membrane,6,"ABHD17A, RAB17, LZTR1, RAB11FIP2, RAB11FIP3, ATP9A",0.769950695,0.037504762,3.253118353
CC,GO:0005768,endosome,11,"ACE, SLC6A9, SNX25, DGKQ, SNX10, PKN1, TRIM27, RAB17, RAB11FIP2, RAB11FIP3, ATP9A",0.791474963,0.041577469,2.067293514
CC,GO:0043231,intracellular membrane-bounded organelle,25,"ANKRD13B, EIF5A2, CEP164, CTSZ, FAM241B, SNX25, CLCC1, RAB11FIP2, RAB11FIP3, IQSEC1, SPHK2, ATP2B1, SMARCA1, CGRRF1, SPART, SLC7A5, ITCH, PITPNM1, P4HA1, ABHD17A, UPRT, DSG2, DENND6A, SEC24D, TNRC6A",0.791474963,0.043088895,1.51052915
GOTERM_CC_DIRECT,GO:0035861,site of double-strand break,5,"SHLD3, SHLD2, RPA4, HUS1, SMC5",0.956734603,0.055511892,3.481083086
GOTERM_CC_DIRECT,GO:0016327,apicolateral plasma membrane,3,"CLDN7, KRT8, EPPK1",0.956734603,0.057605564,7.658382789
GOTERM_CC_DIRECT,GO:0032154,cleavage furrow,4,"PITPNM1, SPIRE1, PKN1, RAB11FIP3",0.956734603,0.060309918,4.45578635
GOTERM_CC_DIRECT,GO:0015629,actin cytoskeleton,9,"VASP, CFL2, SHLD2, SPRY2, SYNPO, DBN1, PDLIM7, LIMD2, SNCA",0.997142857,0.071293617,2.065181876
GOTERM_CC_DIRECT,GO:0005856,cytoskeleton,15,"VASP, FAAH, LRP1, CDC42BPG, CDC42BPB, GAN, DGKQ, ENC1, SPIRE1, SPRY2, EPPK1, LRRFIP1, DBN1, TNS1, CDC42SE2",0.997142857,0.072479625,1.649920888
GOTERM_CC_DIRECT,GO:0001891,phagocytic cup,3,"RAB11FIP2, PEAR1, CDC42SE2",0.997142857,0.075651042,6.564328105
GOTERM_CC_DIRECT,GO:0017053,transcriptional repressor complex,4,"CTBP2, CTBP1, ZNF224, RCOR1",0.997142857,0.080158505,3.952713698
GOTERM_CC_DIRECT,GO:0055037,recycling endosome,6,"PHETA2, DENND6A, RAB17, RAB11FIP3, ATP9A, C1ORF210",0.997142857,0.080802269,2.607109035
GOTERM_CC_DIRECT,GO:0098978,glutamatergic synapse,12,"LAMA5, PPP3CC, CTBP2, ABHD17A, CTBP1, DGKQ, DVL1, DGCR8, CAMK1, ATP2B1, RAB17, DBN1",0.997142857,0.089339581,1.725832741
GOTERM_CC_DIRECT,GO:0005813,centrosome,15,"CDKL2, PLK3, SMAD4, CCDC57, CEP164, SLC1A4, SNX10, CCDC88A, KATNAL1, TRAF5, CAPRIN2, ACADS, NINL, RAB11FIP3, MAP3K11",0.997142857,0.089554032,1.595496414
GOTERM_CC_DIRECT,GO:0005802,trans-Golgi network,7,"PHETA2, ATP8B2, GOLT1A, CORO7, ATP9A, PLEKHA8, CHST3",0.997142857,0.090426911,2.257207559
GOTERM_CC_DIRECT,GO:0098802,plasma membrane receptor complex,2,"TRAF5, TRAF2",0.997142857,0.093764919,20.4223541
GOTERM_CC_DIRECT,GO:0098591,external side of apical plasma membrane,2,"SLC7A5, SLC38A1",0.997142857,0.093764919,20.4223541
GOTERM_CC_DIRECT,GO:0005925,focal adhesion,12,"VASP, MRC2, TES, SDC4, LRP1, SPRY4, KRAS, SLC4A2, LIMD1, HSPG2, PDLIM7, TNS1",0.997142857,0.097878439,1.694020156
