ID,ATP1B3,ATP5F1B,BSG,GATA6,GM2A,IDH2,INHBA,ITGB6,NEFM,CNOT4,OVGP1,PLAGL1,SLC8A2,ICAM5,XRCC4,ZNF212,ELL,DHX38,TUBA1B,ATP5MG,NFAT5,OGFR,WDR37,CBX6,CLDN15,UBXN7,FGFR1OP2,condition
GSM283161,4.014948246,0.18475246,1.159736503,-3.077378174,-0.506099521,0.365487684,-0.174623173,-0.22911681,0.060475099,1.660946323,0.024164597,-2.662542681,-0.143239799,-2.96483667,-0.122809265,-1.464096897,0.196548673,-1.733235841,0.732012255,-0.831002679,-2.905206238,0.818793399,0.965281594,1.173490836,1.501441968,0.408192724,-0.951501318,0
GSM283162,4.201607062,-0.108550133,2.090219072,-3.516818813,-1.223225671,0.797618931,0.055159554,0.051313838,-0.147097612,-1.309504054,0.718455868,-5.949094453,-1.57537872,-4.806311267,-0.116481217,-1.821017756,-0.399928508,-4.057477634,1.246403774,-0.460001945,NA,0.189005629,0.65231296,1.28830868,0.56262009,-0.067151201,-1.195226971,0
GSM283163,3.48749859,-0.469926816,1.240104378,-2.880897073,-0.940640534,-0.457340341,1.323237675,-0.117472784,-0.336323317,1.607632926,0.921603448,-2.779315137,-0.174811959,-2.997556416,-0.322945965,-2.123735529,0.056392021,-1.546622691,0.607490711,-0.248684567,-3.991118403,0.68558887,1.092963934,1.698321021,1.881233457,-0.684744358,-0.582659722,0
GSM283164,3.536908781,-0.740355414,2.49346269,-3.330733119,-0.919210433,-0.146548527,0.398618578,-0.02050782,0.367362978,1.163635144,0.256235075,-3.179304555,-0.128636323,-3.351565053,-0.780905395,-2.46658447,0.170897373,-2.114184376,1.546333196,0.420983479,-3.036887392,-0.097539204,0.205829376,1.178466461,0.110224674,-0.067137496,-1.101887132,0
GSM283165,3.760727684,-0.416257566,-0.389859093,0.466439177,2.307402154,0.827271255,0.295567676,0.501859168,-0.121612345,-0.146908099,-0.696886984,0.614639463,-1.123434993,0.652956226,1.33432228,-2.108348586,0.259864823,0.665127763,1.386411753,-1.844663374,0.564693195,-0.598033195,-1.798006163,-0.247699076,-0.720121129,0.002474946,0.113216567,0
GSM283166,3.268596689,-0.394667424,1.230740267,-2.561443574,-0.492032754,-0.704519669,-0.160108294,0.366614161,-0.400508953,1.032027576,0.854552539,-2.465446791,0.509634955,-2.66895229,0.024289542,-1.596850723,-0.32069244,-2.103687136,1.235464503,0.808575905,-3.187404774,-0.479039753,1.344794325,0.754697682,0.892797131,-0.793553845,-1.191809983,0
GSM283167,3.622694988,0.006876278,-0.834569635,2.072123411,1.901128962,0.631209406,-0.301454096,0.490906325,-1.089466754,0.054999883,-0.960532531,1.315151905,-1.470586171,1.215677402,0.77737728,-0.174174503,-0.048206943,1.616670811,1.20410845,-1.954510084,1.2879693,-0.466697127,-1.04752471,0.380544344,-1.150791901,-0.404890545,-1.037832395,0
GSM283168,3.420280914,-0.207548595,-0.833952322,2.803198119,2.273577571,0.671556652,-0.144221601,0.292978442,-0.728133312,-0.410287882,-0.841509208,1.975977214,-0.374273535,2.628787609,0.952872339,0.443142735,0.115429597,2.404713564,1.328496326,-1.902080289,2.922948043,-0.85596877,-0.593511724,-0.213186099,-1.621015742,-0.317869045,-1.557176249,0
GSM283169,2.913075938,-0.088415375,-0.87978741,2.663863804,1.140568734,0.263043723,0.112374007,0.186878064,-0.874833783,0.002362692,-0.923039078,1.735000834,-0.243945229,2.40896088,0.590787822,0.534293088,0.507598147,2.348642177,0.618787019,-1.673084556,2.293804626,-0.479729969,0.125363335,-0.290463859,-0.697774664,-0.166678989,-0.751755148,0
GSM283170,3.283165256,-0.008027332,-0.542372905,3.1086983,1.378701469,-0.66565687,-0.993190649,0.196868305,-1.841108011,0.280123625,-0.934111246,2.504172826,-1.17870765,2.739751671,0.45039405,0.887919251,0.35102792,3.112355167,0.497015135,-1.11150437,2.338679177,-0.865889158,-0.602703336,-0.305418609,-1.367271792,-0.33306688,-1.396711944,0
GSM283171,3.646152488,0.005660807,0.201301859,-4.763294929,3.04083243,0.861662075,NA,0.048915173,0.199802684,0.378486117,-0.461253099,-3.387705552,-0.698496196,-4.313833959,1.229671515,-2.78819099,-0.006451527,-3.293620654,0.983339958,-1.749394638,-4.931094986,-0.349061467,-0.503162435,0.100710519,-0.763294809,-0.310779604,-1.352912024,1
GSM283172,3.916185999,-0.522915337,-0.652332619,NA,2.102604221,0.033390064,-0.011827848,0.966085937,-0.28040952,0.447493097,-0.461009358,-3.946258614,-0.578303998,-4.422726156,1.70783255,-3.520617758,0.104539454,-3.851838567,0.926752198,-1.514044565,-4.171946582,-0.396398078,0.15906325,0.167759657,0.369630408,-0.577311548,-0.723841623,1
GSM283173,4.168499024,0.345152942,3.097603143,-4.244714211,0.090414603,0.800290594,-0.519348269,0.062113208,-0.366471743,0.066535697,-0.647282753,-3.385041686,-1.921354239,-3.263158744,-1.001660163,-0.971962378,-0.783868577,-0.667776423,1.723338633,-0.325609294,-7.000342,-0.643777171,-0.823869151,0.041028806,0.704510786,0.528802524,-0.755814394,0
GSM283175,3.436784068,0.014032126,-0.508356114,3.256949173,2.827431902,0.848430592,-0.650111451,0.025568739,-0.772464813,0.383850634,-0.58411194,3.46075668,-0.417558204,3.319244054,1.170577179,1.934376101,-0.597405239,3.130975417,1.16604214,-2.574583386,3.397081583,-0.506467559,-0.437715373,0.089404655,-0.660906313,0.829161983,-1.212314315,1
GSM283177,4.459999325,0.217416808,3.442723451,-3.571487541,-0.542558133,0.936496796,-0.074137983,0.219224049,1.208312955,0.482258975,-0.611466056,-2.994171563,-0.16589825,-3.783495906,-0.415677851,-2.284321348,0.820989884,-2.121436719,1.680232478,-0.823010926,-2.877647192,-0.871221803,-1.001583138,-0.236661489,-0.357553429,-0.643990574,-1.238453114,0
GSM283186,2.713840053,-0.187657358,-0.729851636,4.320007282,0.86436893,-0.292235997,0.096321001,0.400401469,-0.800535117,0.453400999,-0.693523951,3.074889113,-0.615688967,3.584802375,0.778664101,3.359285679,0.301844566,3.724848591,0.438925868,-2.513415957,3.609315464,-1.012932192,-1.310954889,0.329528641,-0.390975122,1.665298381,0.051816795,1
GSM283187,4.529575508,0.534907392,2.453606253,-4.556206622,-0.787537338,0.93575562,0.040407104,-0.07886376,-0.962447428,1.08585051,-0.556821591,-3.860899949,-0.567892579,-3.794727932,0.156128866,-2.255318397,-0.29666204,-2.53872709,1.898584927,-0.286187086,-3.644719315,-0.255562547,-1.40697722,0.077725596,0.032986883,-0.653639297,-1.285349742,0
GSM283188,0.801508219,-0.048920775,-0.728369448,3.548526146,0.456570183,0.555054012,0.666641198,0.058576189,0.63916663,0.755365093,-0.550462623,2.836688983,-0.463053019,3.35740975,0.673635704,3.325549555,1.064775477,3.35740975,0.717449436,-2.205267596,2.9136414,0.230887225,-0.472538261,0.38017463,-0.196502829,1.926897677,-0.367979823,1
GSM283189,3.655312307,0.292053684,1.704787234,-3.565151999,0.867702684,1.018588926,-0.545408177,0.054131415,-0.835692234,-0.459083358,-1.078619795,-2.632434377,0.219388245,-3.558107744,-1.069230202,-1.362051413,-1.226935133,-2.03305136,1.397428465,-0.673692703,-2.909111563,-1.098625606,-0.372896575,0.157960396,-0.454939646,-0.655957393,-0.58310264,0
GSM283190,2.289059445,-0.166603671,-0.734018985,3.500418478,1.348314525,0.221386695,-0.398334214,0.301977241,-0.034880006,0.549780315,-1.206457616,2.939176764,-2.23362219,3.446480561,0.86508367,3.860572702,1.023080157,3.747347698,0.477224776,-1.760629832,3.243962971,0.040967605,-0.613376362,-0.32008194,-0.902162146,2.183736813,-0.94986331,1
GSM283192,4.499131778,0.732962112,3.206613547,-3.80807403,-0.636195994,1.362179172,0.025505156,0.228427622,0.551447405,0.423375335,-0.501513628,-3.110799795,-1.105339671,-3.373668416,-0.220501063,-2.584925429,-0.436732585,-2.765853889,1.795937112,-0.485348121,-2.883763965,0.921482531,-1.264981337,-0.576135083,-1.117704137,-0.685719259,-1.496614038,0
GSM283194,2.425330415,-0.179744158,-1.084808987,3.927828079,1.928834985,-0.758746601,-0.473643297,-0.1765343,-0.531826659,0.168497186,-0.55278863,2.992681171,-1.877509355,3.847485553,0.747071483,3.474127244,1.28694507,3.827671519,0.657401853,-1.161474559,4.279751342,-0.01847729,-0.346477515,0.45752934,-0.42136244,2.124538484,-0.152690427,1
GSM283196,4.277399563,0.365265023,2.051024073,-3.441738178,-0.364316504,0.681765162,0.665336178,0.321989662,0.189739554,0.070748125,-0.467856843,-2.80808467,-0.132251676,-2.902627537,-1.830886535,-1.971764182,-0.833871605,-2.452109612,1.081996259,0.423248873,-2.801475805,-0.12681035,-0.531887311,0.286997135,-0.510142175,-0.579136611,-0.633003681,0
GSM283199,3.833085974,-0.086309571,-0.256262071,-3.484978392,2.238319242,0.536123298,-0.461868993,0.563605089,-0.046493281,0.23070716,-0.600521285,-3.214698441,-1.312739774,-4.264271582,1.423936751,-2.695159325,-0.235802549,-3.058754544,1.412239943,-1.45172529,-2.752227905,-0.370493884,0.031576489,-0.049893593,-1.558983141,-0.734518919,-1.036093148,0
GSM283203,4.208999511,0.70566434,2.531998097,-3.563634942,-0.669660938,0.852741419,0.056130757,0.640458472,-0.766713516,0.238098882,-0.765800866,-3.332831932,-1.363685532,-3.841196074,-0.914766369,-2.094105134,-0.367826189,-2.856144946,2.67125133,0.558411191,-2.687841869,-1.129899917,-0.599392946,-0.95701281,-0.915778802,-0.834718936,-1.157938666,0
GSM283221,3.535452544,0.036146478,-0.730608654,-4.684361186,2.780665581,0.359794263,-0.25419093,0.539538731,NA,-0.00898188,-0.556219521,-2.996575165,-1.406220766,-4.069272967,1.003356534,-2.188204485,0.217829733,-3.345240517,1.070727527,-1.421682144,-3.901695181,-0.88479935,-0.562425653,0.245850745,3.004793257,-0.656769658,-0.637375674,0
GSM283222,3.982550851,0.47732129,1.751712345,-3.448247965,-0.808713069,0.882262402,-0.432912518,0.818263986,-0.41172242,0.281792439,-0.332340756,-3.479277744,-1.279146988,-3.994817259,-0.579417232,-2.666957698,-0.567947847,-2.813974271,2.282491006,1.465160934,-3.143042076,-0.721690459,-1.299662921,-0.225829823,-1.050711793,-1.135756545,-1.39304721,0
GSM283223,1.097831848,0.470328924,-0.426343071,-5.338760533,0.591968259,0.668854735,-0.901476832,1.082061116,-0.516786666,0.25010751,-0.695277154,-3.1577896,-1.495861475,-3.94872627,1.388247161,-2.540406356,-0.280459103,-2.779284385,1.096268209,-1.296068162,-3.273845158,-0.174179784,-0.658018388,-0.076845543,-0.851054026,-0.732898637,-1.051849074,0
GSM283225,4.008693195,-0.071996264,2.392270677,-4.062302187,-1.529502419,0.876115799,-0.350527568,-0.463772575,-0.531603966,-0.168057478,-0.133212406,-3.489328917,-1.870471987,-3.735318615,-0.520614067,-2.467478241,-0.545829412,-2.782474714,1.71659305,-0.402026511,-3.251093978,-0.771190205,-1.46077823,-0.562233514,-1.005766485,-0.872367635,-1.597914783,0
GSM283227,2.711001607,0.479656222,-0.489038505,-3.973525989,1.764003733,0.696282865,-0.376747247,0.698537816,-0.23573329,0.220307985,-0.844842352,-3.29233249,-0.603540827,-4.227247906,0.920541674,-1.870691696,0.087241203,-3.358504828,1.036852461,-1.440768222,-5.160322535,-0.160606938,-0.381398761,-0.444245315,0.286262373,0.199375181,-0.682170853,0
GSM283230,4.476830561,0.420324085,2.046149876,-3.467851707,-1.042253539,0.823574749,-0.375280119,0.100655695,-0.900427326,0.43797202,-0.787092613,-3.168933869,-0.983541351,-3.705225686,-0.503003103,-2.923471731,-0.736884055,-2.690933969,1.67537292,-0.460547996,-2.892944772,-0.995183241,-1.466891133,-0.467449173,-0.755033833,-0.640684143,-1.448574216,0
GSM283235,3.133812148,-0.434176047,-0.369787024,-3.957534914,1.268034358,0.125990113,-0.590874805,0.709202585,-0.695319142,0.250548547,-0.617612521,-3.296014065,-0.729415659,-4.161398157,1.823991908,-1.961876148,-0.070568928,-2.927440164,1.007266601,-1.179319981,-3.563980826,-0.93358273,-0.367885784,0.032277855,-0.296074673,-0.439262487,-1.047383482,0
GSM283252,4.153943928,0.231508331,2.107988922,-2.469991358,-0.801925379,0.923645016,0.022658127,0.063658613,-0.207442996,-0.462383261,-0.38893427,-2.425229541,-0.145622496,-2.241484149,-0.55710142,-1.75510067,-0.386999834,-2.709053337,1.559398515,-0.622237595,-1.967894249,-0.207442996,0.242936668,0.28157734,-1.147197251,0.092198601,-0.950809588,0
GSM283253,2.777654226,-0.118366439,-0.837061664,-3.953972794,2.017349556,0.653708706,-0.39543495,0.368103624,-0.310690638,0.230435062,-0.302983764,-3.163302,NA,-3.29926445,0.648436081,-1.600885552,-0.109761812,-2.683319743,1.270579911,-1.150859118,-3.641881247,-0.317488023,-0.757328734,-0.478146412,-0.241095076,0.116015476,-0.814859704,0
GSM283255,4.15956683,0.17182825,1.821020974,-1.621350786,-0.5653846,0.987551146,0.617450748,-0.430937288,0.435473257,0.2407615,-0.592427592,-1.234968938,0.703782835,-1.688390775,-0.427903607,-1.851527608,0.154988206,-1.699729104,1.316659451,-0.5169625,-1.548339235,-0.037158219,0.107898543,0.654583945,0.822323357,0.029136622,0.195946649,0
GSM283257,3.271605632,-0.163253126,-1.049482336,-3.403980632,2.594710015,0.04090353,-0.240389505,0.949619771,-0.321912586,-0.636533439,-0.611795934,-3.220640208,-0.989640163,-3.048753993,0.670687143,-2.841664538,0.107944097,-2.915805507,1.115659134,-1.256636737,-3.625122354,-0.64775963,-0.194866257,0.141303471,-0.129574799,-0.996747271,-0.807963924,0
GSM283258,3.878990325,0.074303709,1.729862366,-0.250934854,-0.353100143,1.054720262,0.497356269,-0.413523123,0.390354941,0.732207685,-0.542128062,0.20720817,0.155607863,-0.241240073,-0.501629349,-1.459070457,-0.448861516,-1.265510197,1.614879432,-0.242471262,0.196596758,-0.021291227,-0.249474311,-0.391162578,1.154495691,0.527418216,-0.939917715,0
GSM283277,3.155559758,-0.099965795,1.687701326,0.946954229,-1.12426492,0.213929659,1.741041429,-0.43799527,1.135972464,1.121238421,0.789752787,0.980224577,0.615175191,0.807835879,-0.206752424,-0.163134349,0.213929659,0.196027641,1.339419631,-0.107466079,1.503271334,0.814021355,0.34926586,1.065964133,-0.587240539,1.233379704,0.154809329,0
GSM283278,3.576884651,-0.781408874,1.317593247,1.759548554,-0.318800033,0.206806553,1.097246682,-0.040573662,0.913654692,0.743242406,0.046607299,2.135943099,0.611014957,1.528035701,-0.330407898,-0.232951498,-0.203760542,0.836593447,1.737442255,0.37779398,2.420927186,0.219654735,-0.011381762,0.447664494,0.195970301,2.020783957,-0.049080643,0
GSM283280,3.510709484,-0.292478684,0.35877978,0.767579021,-0.380413571,0.660385908,0.061456171,0.383714586,-0.588599635,0.555705933,-0.481526799,1.721041476,-0.02455258,0.816660053,-0.637169647,-0.266561303,-0.366809286,-0.357909853,2.066549318,1.058443668,1.994140047,-0.153502435,-1.889143767,-1.104143992,-0.666439499,0.782583875,-0.620473183,0
GSM283319,0.176221432,0.766254578,-0.671765807,-4.164970196,1.38802199,0.699514647,-0.358633931,0.1471565,1.991366832,1.521839782,0.138382903,-3.186647453,-0.23086803,-3.24745867,0.36532021,-1.070243892,1.021727614,-1.284185256,0.600312229,-1.376296651,-4.744719469,1.07416726,1.096241628,0.877374446,-0.432050429,-0.91886463,NA,0
GSM283320,0.521004103,0.927133323,0.072859583,-3.644684011,1.287162352,0.303166789,-0.108795809,0.314137741,-0.306114708,1.013670794,-0.375570958,-2.749789471,0.63459476,-3.771613034,0.314137741,-1.729048007,0.388787237,-1.716889642,0.578874778,-1.242672891,-3.651506514,0.000327528,-0.742119691,1.243232229,0.381865798,-0.67910549,-1.778695383,0
GSM283321,-0.062381405,0.850726432,NA,-3.817433122,1.866387699,0.498941046,NA,0.51344659,-0.300619402,1.077450683,-0.173539813,-1.175310988,0.506276012,-1.765037616,0.411155119,-5.00136579,1.535292565,0.356787906,0.911112669,-1.417933206,NA,1.400610385,0.364960494,0.767836064,0.098103318,-0.736822433,NA,0
GSM283322,0.696080645,1.104894385,1.168492771,-3.488928269,2.239663286,0.01859911,2.789463673,0.115206448,0.743238015,0.955417185,0.213045208,-2.472208332,1.082482326,-3.729008462,0.498584617,-1.523024252,2.395555735,-2.092030855,-0.079455657,-1.494705753,-3.186066505,0.197778373,0.992702364,1.851783006,0.026004257,-1.272251997,0.735517952,0
GSM283323,0.427016573,0.22039769,0.074415154,NA,2.008837411,0.581930002,0.227587246,0.211024724,0.773760736,0.99577082,-0.209451888,-2.743695011,-0.769987455,NA,0.437626228,-1.061910905,-0.873285467,-2.417345775,0.802806734,-1.496139624,NA,0.573599888,0.952659072,0.357744055,-1.446232795,0.201917299,NA,0
GSM283324,0.25185618,-0.060159117,0.326107382,-4.289403541,1.514254134,0.445960375,-0.379572903,0.222558884,1.055649245,1.100475902,-1.118242693,-3.352331981,1.240916816,-4.51830841,0.156815967,-1.900660308,0.498493752,-2.298980751,0.749639562,-1.097309771,-4.362376223,0.035821682,0.629278913,0.704936607,0.113457622,-1.858027142,NA,0
GSM283325,0.739895999,0.424104629,0.00875915,-0.927762938,1.042878927,-0.08939238,2.696920474,0.396292304,1.740344713,0.428520909,1.508790844,-1.320866749,2.13682167,-1.280132235,1.000502289,-0.536551656,2.029863053,-1.69978185,0.08763549,-1.519672676,-2.61760972,2.254387958,2.344890379,1.253892447,1.084319567,-0.433835152,-0.413217423,0
GSM283326,0.503133227,1.013848415,0.31115757,-3.503980876,1.410632807,0.658883803,-0.472916324,0.552561365,0.062783453,1.100012743,-0.279146946,-2.327842193,-4.494302073,-3.485398553,0.798049614,0.249802454,0.212111958,-2.666454554,0.829902379,-1.561155553,NA,-0.018639117,2.179164884,1.171053053,1.727174654,1.123668958,NA,0
GSM283327,0.694303511,0.898417694,0.052630122,-2.463537481,0.382409786,-0.70891456,2.356596928,-0.493120043,2.173905469,0.654225128,0.819281785,-2.868997453,0.129508539,-3.944826488,0.341944201,1.40653139,1.704172256,-3.390521668,0.090351656,-1.933044875,-3.02674135,1.506351325,0.830828758,1.47476047,-0.455510711,1.884546292,-0.773302626,0
GSM283328,0.909855212,1.245091803,0.72101097,-4.038350428,1.994906721,0.198419896,0.342389414,-0.058752984,-0.163163782,1.374817802,0.342389414,-2.963750563,-0.753148268,NA,0.54922503,-0.682387376,0.958972763,NA,0.622201026,-0.99484845,NA,1.561585846,1.118566511,0.843541516,-0.478909632,-2.077431792,NA,0
GSM283329,0.99443544,0.303597116,0.007328356,0.918470718,1.174737574,-0.121281677,2.043226429,-0.015016827,1.285177198,0.160889674,1.181910645,1.732595318,1.226399595,0.487690733,1.981218809,0.691623518,3.226444961,1.05846665,0.259522485,-2.432258323,0.127112891,1.811160899,0.902367264,1.086494655,0.412073056,0.68933426,0.270740473,0
GSM283330,0.33980455,0.899542061,0.166035709,-3.963986491,1.646898362,0.529430828,0.173162229,0.634821233,-0.017053952,1.008545131,-0.931656323,-3.559028369,-1.514036337,-5.734569665,0.492171425,-1.394176398,-0.135935667,-1.936352006,0.662684711,-1.690660154,NA,1.296508481,1.630697855,0.352449586,1.353146628,-3.542372888,NA,0
GSM283331,0.315701419,-0.048122842,-0.431078739,0.696481924,0.926262143,-0.392002896,1.741130987,-0.712285331,3.512695185,0.675341129,0.280921359,1.711468947,1.550510626,0.564899876,-0.296388562,0.823384945,1.851379786,2.476680485,0.585060173,-2.250428933,0.621324104,2.094871077,2.212705807,0.68013651,1.236234292,1.786953524,-1.144943882,0
GSM283332,0.459220523,0.761425341,1.091908714,-3.295470726,1.375426802,0.087984904,-0.052735201,1.006157862,-0.112079603,0.45376971,0.070538388,-1.957482894,NA,-3.742198428,1.180624692,-1.098525894,0.395610662,-1.011973781,0.162060097,-0.824138447,NA,0.81825054,0.814958135,-0.015743623,0.825389269,NA,NA,0
GSM283333,0.716238244,0.293374065,0.248049659,1.360673419,0.657557317,0.147585214,1.572609475,0.533134624,1.116811221,0.358134555,0.716238244,1.834048246,1.558826867,1.330888346,0.74844566,1.541804258,0.740267782,2.20484718,0.670244312,-2.546436797,1.371171569,1.708874428,1.966250756,0.350182451,2.680099463,2.119918239,0.395808623,0
GSM283334,0.22179376,-0.035078503,0.145226653,-1.928043686,0.772776921,0.379438696,3.603712779,0.354090303,2.606856392,0.153710442,1.018954583,0.41922334,1.070795918,-2.648295107,1.420671757,0.272284604,2.475981702,-1.345084287,0.004756149,-1.817235292,-2.089654203,2.140374617,2.526498507,2.634862745,0.583767241,0.593846129,0.525348267,0
GSM283335,1.4575725,0.023989537,0.407195085,1.888047954,1.051641688,0.046741021,1.644397208,-0.334131575,2.151512718,0.718036683,0.212021733,3.108531931,1.483711187,2.242921873,0.930096497,1.432307759,1.369175668,3.450495818,0.465531968,-1.319635688,2.489140515,1.527171754,1.262066211,0.579851527,1.287541625,1.446959997,NA,0
GSM283336,-0.498702262,0.265558439,-0.181962049,0.030426138,1.556263224,0.308324822,0.492484224,-0.219726937,0.113350464,0.946909329,-0.187728098,0.424084238,0.435693798,0.17662354,0.264310942,-0.515465631,0.681435109,0.813230872,0.283151269,-1.312740952,0.823965946,-0.274352086,0.165630477,0.941966837,-0.502950865,0.337601244,-0.832768159,0
GSM283337,-0.547468944,-0.664630745,-0.336642838,1.402876495,0.10994601,-1.31525439,0.387357605,-0.751291912,1.25231695,0.085534727,0.143650273,1.217413897,1.076574088,1.773839046,0.2629557,0.95428988,0.671436757,1.60131628,-0.503420871,-2.054699654,1.87037225,1.236440481,1.965388856,0.3853252,0.401607075,1.513342384,0.684349588,0
GSM283338,1.845880579,0.732543838,0.153545195,-1.847447113,0.633637866,-0.149135769,2.670494761,-0.324244627,1.860131603,0.437655992,0.456358698,-2.493117105,0.535160719,-2.933856077,0.989276826,0.48940965,1.803101631,-2.288948114,0.104430906,-1.841955982,-3.793686035,3.021521105,0.633637866,1.502849078,2.026938103,1.076888926,-0.38493817,0
GSM283339,-0.37416246,-0.129691553,-0.937282395,0.637438432,1.26211375,-0.495569383,-0.215049595,-0.213149393,3.155872962,2.655792819,0.465443756,1.131638224,0.887864577,0.853896408,-0.098229171,2.568622198,1.221044538,0.90853573,-0.068131529,-1.747175358,0.996744912,3.067009242,1.591330239,1.481900335,1.18829732,-1.521252841,0.135875967,0
GSM283340,0.326163336,-0.026995204,0.000890112,2.75648813,0.897477122,-0.143046803,1.685389384,-0.607840413,2.212671826,0.103702295,0.521561719,1.593702622,1.242609387,2.146336403,0.60046454,2.332476486,1.439070024,3.267953595,0.064581825,-1.398639952,2.690166685,1.276080067,1.902561283,1.109498271,-0.177781102,1.324807575,0.67170143,0
GSM283341,0.163395708,-0.427050674,-0.034073851,2.322435495,1.099761697,-0.691073178,0.708530166,-0.336726179,0.055596536,0.0636359,0.33734365,2.628834057,1.359799782,1.642968044,0.79947341,0.252513945,1.208509365,2.117652013,-0.719031929,-2.701329459,2.449670088,0.576777013,0.542591234,1.027106317,0.502393264,1.826607215,0.718393694,0
GSM283342,-0.265330983,-0.775590429,-1.15651574,2.904261108,0.140869686,-1.114468645,0.882217325,-0.549480761,1.564587411,0.051069152,0.45706124,2.045727807,1.839679825,2.994176004,0.290500554,2.153494326,0.27539222,3.020875538,-0.935107349,-1.578072758,2.613015706,0.969299257,1.283235059,0.224090267,1.867482827,2.12542834,0.578826413,0
GSM283343,0.372482649,-0.014868193,0.885773262,1.656185252,-0.247307616,-0.296507675,1.515712416,-0.069199469,-0.070422394,-0.023978116,-0.046685839,1.91978323,-0.379516816,2.649207772,0.780579882,1.617883356,1.138662753,2.307780798,-0.72976377,-2.865587089,2.451633764,0.483671492,0.96934025,0.518618133,-0.254591135,1.454765301,1.406474108,0
GSM283344,-0.345859021,-0.666346459,-0.258856452,2.067251933,0.358373237,-0.564504494,0.707244041,-0.535665814,1.206806925,0.863112789,-0.349946841,2.120323476,0.698381647,2.377262608,-0.072416943,2.279654163,0.849855317,2.335120912,-0.301656701,-2.372657849,2.582389144,0.628422094,0.84295143,0.671836977,0.548845698,2.038877899,0.487225613,0
GSM283345,0.270223365,-0.321996963,0.317448624,-0.153704031,2.062732857,-1.518316962,0.717019028,0.082426679,-0.371031564,1.030341955,NA,0.164098408,-0.17727315,-0.798061597,0.827358572,-0.345484713,2.036406051,0.212119606,-0.8003448,-2.507110623,-1.168939069,-0.05018135,1.43113465,1.500916469,-0.220680283,-1.038196401,-0.483310885,0
GSM283346,3.782043045,0.141844686,-0.651271704,-2.546313799,2.754061803,0.718945015,-0.507698087,0.473786643,-0.653955196,0.059644722,-0.608570925,-3.311954929,0.339970265,-3.263305801,1.347212533,-2.282786722,-0.213833265,-2.534891948,1.52780261,-1.197249004,-2.297257869,-0.672782802,-0.262027857,0.073795161,-0.386002686,-1.551950951,-0.241954685,0
GSM283347,1.018831427,-0.066230038,-0.11619199,2.465827454,0.473698187,-0.584324854,1.026600348,-0.323277428,-0.119402622,0.280496288,-0.014336035,1.767052122,-0.661862132,2.15809974,0.87402002,-0.137241044,1.073223455,4.126320069,-0.258880344,-2.3523549,3.073165158,0.871789139,0.646416281,1.067004295,0.504087577,1.949061393,-0.075923554,0
GSM283348,3.204310609,-0.440273258,-0.193451035,-3.529175672,2.224609345,1.167580672,-0.978823805,0.481859599,-0.818137264,0.956445704,-0.905770025,-3.155154409,-0.997350431,-3.616343387,0.849956713,-2.307547126,-0.138532887,-3.078021035,1.513696048,-1.349424572,-3.021555809,-0.656177107,-0.75717126,0.379102083,-0.907451788,-1.06856343,-1.356320073,0
GSM283349,0.241775499,0.160189944,-0.27082715,1.95460712,0.105070616,-0.846991098,1.593941256,-0.403318608,0.471743166,0.453465252,-0.204138005,1.962917544,-0.402359841,1.801964694,0.305282825,0.920722619,0.381049937,2.874082969,-0.439078587,-2.381465498,2.908771599,-0.491960918,0.851426593,0.85302176,0.775636556,1.65780504,1.368307694,0
GSM283350,-0.478540923,0.266625936,-0.277986478,1.828923469,1.496691426,-0.815191719,0.705871507,-0.682975715,0.1575787,0.846727094,-0.080675359,2.397866401,-0.907674078,2.183315466,0.373402733,0.952726546,0.300993454,2.820475431,-0.243484745,-2.456841844,2.264529101,-0.40885853,1.709695389,0.564625446,0.465040189,2.410159744,1.777203739,0
GSM283351,0.120479738,-0.413831106,-3.842452977,2.955550403,0.614580694,-0.365892963,0.42410761,-0.027927844,0.187213785,-0.190121223,0.031245541,2.514156209,-2.267239946,2.613634983,0.511272294,0.620323989,1.049185829,3.450590014,-0.840357079,-1.325933222,2.916179481,0.516665783,0.543206,0.203021163,-0.010750945,2.25122011,-1.82055656,0
GSM283352,-0.341196566,-0.467829625,0.522115541,-3.571986501,0.952167751,-0.143539877,-0.413692017,-0.369842844,-0.008567349,1.048078608,3.680139645,-1.237248704,-0.557128008,-3.928593991,0.266719383,-0.530665277,0.835228794,-2.740390207,0.375071943,-1.451613693,-2.756069121,-0.364513787,1.61981849,2.002235134,0.262236669,0.856361321,0.772968782,0
GSM283353,1.017423642,0.259194976,0.428352825,-2.829515172,1.394232911,-0.159398831,0.21454861,0.249773608,-0.030083903,0.616616267,-0.43156562,-1.755123107,-0.985704286,-3.47364521,0.757373389,-1.058023216,1.430513973,-2.99806668,0.173502639,-2.26426311,-2.26426311,0.478691151,1.113850388,1.076614089,-0.008349468,-0.351159231,-0.89449415,0
GSM283354,0.886722865,-0.06344685,1.518786273,-3.732672189,1.230909477,-0.098062495,0.026395406,0.37167967,-0.248545434,1.869501146,-0.585440199,-2.853883017,-1.107666961,-4.705047978,0.494910246,-0.982543097,0.016249741,-2.956793669,-0.603985309,-2.369337191,-3.689589847,1.165999636,0.641355699,0.46662652,1.265276339,-0.37939591,-1.159797016,0
GSM283355,0.30750137,0.226452177,-0.019952373,-1.764169277,1.814368048,0.800166513,-0.16824905,0.488240154,-0.212503553,2.482084491,-0.068899006,-1.026182212,-0.380772792,-1.341362963,0.295244672,-2.504056897,1.269892901,-1.10650397,0.726994974,-2.326341047,-1.441164969,-0.653503951,0.516647639,1.489044051,0.536149444,-0.838674057,-2.752990864,0
GSM283356,0.650925976,1.061524966,0.079673988,-1.951646,1.527978945,0.592114154,-0.00568914,0.563702302,0.244507091,1.505621155,-0.047315607,-1.220597844,-1.356355445,-0.939184596,1.520994611,-0.706501467,1.076996518,-1.937173847,0.66378774,-1.34352405,-0.879642131,1.843277434,0.262983057,0.826069849,1.274987012,0.460203675,-0.779327936,0
GSM283357,-0.365452603,-0.565309026,-0.203823791,2.598385419,0.713079522,-0.067240753,0.117416797,-0.32848833,0.761590893,0.959500012,0.278646433,2.262970965,0.385196808,3.139707289,1.202751225,2.072540392,2.171767576,3.014063213,-0.007437101,-1.343823005,3.086513731,NA,1.193312056,2.117675278,0.285001225,0.786519026,0.187600392,1
GSM283358,2.015469817,0.398889494,-0.131765151,-1.599384563,0.588383561,0.115034296,-0.970020407,0.010609897,0.088902096,1.543344521,-0.395739616,-0.798943689,-0.046030288,-1.26263648,0.445376792,-2.219395203,0.280408446,-1.383463432,0.561931066,-1.912879407,-0.777175127,0.224751823,0.166734317,1.145540522,-0.899699491,-0.670440884,-0.448020555,0
GSM283359,0.002471306,-0.137903922,-0.257078444,2.721670695,0.685036273,-0.144246403,1.046576702,-1.022778192,1.192341099,0.944314493,0.234349152,2.151564899,-3.778698235,0.663321966,0.710113328,2.461368567,1.025803382,2.404453686,0.169863033,-1.783914514,2.620072701,0.977905759,1.418047517,1.066458929,1.181009078,1.88404555,1.304739299,0
GSM283360,-0.238159285,0.864480477,-0.011965818,2.208697424,3.50311315,-0.238159285,0.638372646,-0.270127682,0.060026265,2.445254935,0.363619538,2.356848541,-0.21499182,1.949879205,0.782871021,1.378727481,0.879614219,2.094827079,-0.131885995,-2.152973198,2.325418199,0.20850794,1.426340062,1.246613288,1.32058007,1.797590353,-1.581255003,1
GSM283363,3.188920622,0.660190491,0.688648669,-4.167918176,-0.041504345,0.692103653,0.496292833,-0.244955613,0.22861399,0.270042845,-0.900833103,-3.488287348,-0.021019505,-2.784745266,-0.350098632,-2.272716993,-0.381818903,-2.436924638,1.346882575,-0.511931421,-2.097696029,-0.127821568,-1.062791198,-0.191542476,-0.790414134,-0.918210876,-0.949913181,0
GSM283364,4.713378412,NA,2.053850316,-2.950605599,-1.210986065,0.600196348,0.411401492,-0.005422718,0.386140123,-0.038858521,0.762600205,-3.042833703,-0.778055976,-3.459615171,-0.606221007,-2.637626782,-0.851797895,-2.280532963,1.285878852,-0.635828261,-2.289691468,-0.433787159,NA,-0.092930419,-0.63247338,-1.305324065,-1.277711888,0
GSM283365,3.580169538,-0.648926631,1.535112079,-1.488687101,-0.125551311,0.581614488,1.511761544,-0.140196575,0.487965794,0.716082873,0.515793591,-1.067659929,0.793648496,-1.258614367,0.041721905,-1.76828541,0.175393242,-0.144297689,1.308480565,-0.721812137,-1.25420508,0.444273053,0.765422117,1.606352274,0.796100808,-0.052039751,-0.267920845,0
GSM283366,0.741801034,-0.247937775,-0.318558584,-2.225382791,1.320879357,-0.28337528,0.324421311,0.581730723,0.771637774,2.494380818,0.260526632,-0.70610873,0.349495981,-1.572363645,1.5638271,-0.243014037,1.808850101,-1.811339505,0.889438486,-1.180908132,-1.172640845,-0.000113485,0.155116337,0.16685527,1.231174801,-0.510998176,NA,0
GSM283367,0.842874204,0.488995739,-0.05117756,2.427800719,0.447910695,0.156457164,0.690828344,0.037645155,1.035093017,0.872992694,-0.279621816,4.186436291,0.095478876,2.640856834,0.474465776,2.786876341,0.157463659,4.089260427,-0.156442108,-1.99836479,2.683345798,0.956136817,0.128482459,0.361226563,0.11428508,1.54211704,-0.010353968,1
GSM283368,3.39003281,0.602997466,0.058688352,-1.083114941,-1.476712727,0.632725411,0.18255784,0.03847914,-0.519501386,0.555303917,-0.314178514,-0.838875521,-0.433853169,-1.287415372,-0.094280832,-0.945433926,-0.35931318,-0.472201429,1.505581573,-1.113525652,-0.990890809,0.261154203,-0.818360733,1.044749155,0.024452932,-0.619487526,-0.974172557,0
GSM283369,0.394195804,-0.029825646,NA,-2.622098313,1.201345675,-0.002381772,0.713348097,-0.260194284,0.444382254,1.619686859,-0.479200853,-1.482625647,-3.127548612,-2.000316005,0.460605794,-1.329440928,0.766008088,-2.360604524,1.151778697,-1.27132224,-2.060546344,-0.175541856,0.853948194,0.755404156,-0.606975906,-1.147783137,-1.401542319,0
GSM283370,2.971577235,-0.38260605,1.170882153,0.773963891,-0.10635868,0.302503495,2.184862486,-0.559894455,1.957864447,1.421064649,1.067989273,1.11207716,0.48959984,1.050522449,0.100816965,-0.59000134,0.876917122,1.556855273,1.434545555,-0.701709415,1.414019664,1.41825595,1.67314683,1.965485128,1.139326578,0.219026276,0.352452042,0
GSM283371,0.22256808,0.388555072,0.004168828,2.730138309,0.658942994,0.163768234,1.298937752,0.166154899,0.652651059,1.220554453,0.246954593,2.711315239,0.013830841,2.74163768,0.693570967,3.846450779,0.352951684,3.162129247,0.01990444,-1.691267425,3.334465963,0.361854952,1.278282941,1.660742068,1.144660151,0.37514522,-0.617723362,1
GSM283372,3.212214061,-1.435116322,0.870960086,3.267977813,-0.266747993,-0.728672126,1.424076155,-0.50611152,1.013195802,1.358067636,0.947714899,1.644964111,0.904063417,2.702106994,0.11220969,2.203056794,0.64699667,2.459238048,0.545324535,-0.731882844,2.259167005,0.949707864,0.739977538,1.366571324,0.583835044,0.284774941,-0.168028444,0
GSM283373,-0.548313294,-0.347281235,-0.59321727,-2.290939453,0.466765105,0.283612179,0.294127397,-0.884444477,0.424174375,1.30229037,0.580815426,-2.44845644,-0.268804189,-2.73171821,0.007823713,-2.281771867,1.167785199,-1.035712835,0.629902656,-1.350485285,-1.877024723,1.547244968,2.110098996,1.711002023,-0.524936384,0.201219982,-0.347281235,0
GSM283374,2.175387018,-1.962759497,0.169024428,-0.657666792,1.370080821,-0.124148319,1.89462229,-2.204188606,2.906888873,1.247722779,0.803870683,-0.482517516,1.400564936,-0.484837519,0.501020563,0.283871041,0.670709909,-1.1534002,-0.954540143,-1.522776438,-0.355779583,2.063824525,1.005517475,2.455680667,0.498952673,4.415005466,1.709437813,0
GSM283375,0.519192749,0.461823094,-0.010325956,2.977255443,0.917992773,0.117668338,0.833626186,1.229646425,0.115457325,1.32242222,0.270152136,3.211168209,0.37768123,2.892583984,0.49292209,2.770413483,-0.225959309,2.81321707,0.62560261,-1.273074513,3.11472278,1.48341422,0.081108648,1.106663242,0.505887867,0.538258946,-0.025447084,1
GSM283376,1.734643463,-1.67710051,0.178332031,2.919336838,-0.4220674,-0.82053044,1.616367115,-1.108334881,1.281745358,0.931842272,0.906999271,2.369242518,0.925051077,2.888840857,-0.560528378,2.338605835,1.686633277,2.433037415,0.674943978,-0.430710979,2.701971073,1.158785708,1.102590123,1.279554923,0.995675716,1.042252573,1.257867148,0
GSM283377,-0.015419287,0.004987763,0.323535161,0.219097996,0.845952817,-0.062775444,1.213184626,0.405114471,1.10925843,0.780925822,0.078313522,1.498698898,-1.602989187,1.760757849,0.362595091,1.368843319,0.369106652,1.364256086,0.210942491,-1.957326222,0.473796735,2.077743124,0.332075962,0.780925822,0.489579542,0.9574276,-0.396219679,1
GSM283378,4.014686937,-0.224899219,2.025147196,-2.967069269,-0.469497116,0.165253968,0.959038671,-0.373316469,0.300498307,1.865750962,0.097643653,-3.24424779,0.399979612,-3.261922233,-0.258790647,-1.951791945,0.620805744,-2.296139162,1.058410482,-1.087136807,-3.246575429,-0.304465711,1.190966115,1.659675182,0.791107772,-0.931230092,0.149762302,1
GSM283379,-0.074413931,0.339661683,-0.309719899,3.037651489,0.29425673,0.34627769,0.347642591,-0.316065931,0.302241904,0.232094041,0.032820774,2.495107388,0.809228427,3.094429474,-0.106677954,3.183438109,0.608794886,3.692551478,0.582653665,-1.817491792,3.42678471,0.655002162,0.883153656,0.912823319,0.64854864,1.419573665,0.27228186,1
GSM283380,0.570052772,0.400589755,-2.535121595,1.355740515,1.04962054,0.161836041,1.406311487,-0.038238384,0.608213039,1.262985325,0.645376826,2.634968546,1.438078587,2.608625691,0.358905238,2.118815125,0.772403166,2.278771363,0.001874392,-1.953206766,1.968499543,1.937229916,1.136943774,1.170946423,0.875322449,0.313295249,0.235058459,1
GSM283381,3.871413239,-0.189855755,0.404555219,-4.626358415,2.990104517,0.628224467,-0.227573682,0.530069939,-0.218566229,0.688895686,-0.423623604,-3.303530438,-0.590202686,-2.980535777,0.756390182,-2.591986189,0.123625183,-3.30176832,1.277234753,-1.474255998,-3.71640659,-0.466571359,-0.739634185,0.139406551,-0.945596964,-0.195130141,-0.855640406,0
GSM283382,0.631463777,0.272085419,-0.029169128,3.748140776,0.69113676,0.308398251,1.3897539,0.115363949,1.578471243,1.217524896,0.716922851,3.031862707,0.365404679,4.075500284,0.650701745,3.914664844,0.859016111,4.007978859,0.346059289,-1.500527803,3.433375606,1.154927145,0.555360075,0.51681857,-0.003729515,1.33395369,1.35984091,1
GSM283383,3.553525119,-0.430676467,-0.312837933,-4.130989778,1.597014748,0.234054315,0.593094652,0.791902249,0.382696225,0.720203728,-0.402202024,-3.67549718,-0.096073151,-4.049109891,1.422376538,-1.571048098,0.670368502,-2.936988008,1.403486139,-1.427753576,-2.919275592,-0.226189877,-0.75739831,-0.015065457,-0.468344113,-0.399448706,-0.666749923,0
GSM283384,4.439554837,-0.061347089,-0.811938984,-3.090456587,0.028578614,1.712513178,-0.327753384,0.946834774,-0.271604129,0.099008749,-0.772304895,-3.312185165,-0.455649274,-3.455635268,0.836729183,-2.092434328,-0.323370553,-2.597799107,1.258636091,-1.44195551,-2.310896571,-0.299958258,0.060557875,-0.111052319,-0.926289284,-0.64104183,-0.741151409,0
GSM283396,3.21513837,0.042717842,2.462939685,-4.285505454,-1.897148789,0.546751223,0.879833055,-0.210354626,1.359946255,0.237402502,0.266863858,-3.543499706,NA,-4.843278093,0.582697001,-1.971141204,-0.146870632,-2.078186902,1.192832623,-0.867725332,-3.577934151,-0.105160369,-0.302843018,0.29851016,0.37252223,-0.390902847,-1.0534988,1
GSM283397,2.666392507,-0.068660075,0.588451333,0.987488243,-2.336282489,0.306672198,0.62753848,-0.543371509,0.153946632,0.906399918,0.557449294,1.395733544,0.11148215,1.042024801,0.289434385,0.034990604,0.315683747,0.106241496,0.855801981,-0.956528583,0.765818884,0.134918852,-0.005793658,2.00468453,0.134918852,0.151635468,-0.850966383,1
GSM283398,3.861024625,-0.45631177,1.508245162,2.453197064,-2.310250616,0.328361729,0.61889511,-0.610775042,0.881027571,2.391224431,-0.00783663,2.750663258,-0.227963948,2.241941808,-0.109009903,1.007324462,0.417435866,1.882080698,1.840448355,-0.834973231,1.930444049,0.512902418,1.152301935,1.920002043,0.538365779,0.215311129,-0.576289989,1
GSM283399,4.118936297,0.362825827,-0.548943332,-3.873347148,2.946685981,0.707916855,-0.745376372,0.437419954,-0.997495097,0.134534122,-0.783737439,-3.030394464,-0.389240886,-3.194643078,0.561288514,-2.4394961,-0.361484864,-2.696103416,1.210434085,-1.166813123,-2.537478897,-0.922667406,-0.662894609,-0.384912746,-1.055273805,-1.476587374,-0.939186613,0
GSM283400,3.061643988,-0.907907929,1.489202893,4.061901863,-1.733049209,0.447788941,0.948825066,-1.005081046,0.817528937,0.421156497,0.038883966,3.824540744,-0.185378083,3.971785403,-0.144509086,3.195233973,0.063423756,3.552734133,0.991325286,-1.094151147,4.078328841,0.6628919,0.23066431,0.951583644,0.596823219,1.50744581,-0.930214216,1
GSM283401,1.86520956,-1.14455527,1.105626645,3.713028614,-1.698774039,-0.572558344,0.541146182,-1.181998114,0.582235401,0.26789271,0.199383129,3.074952403,0.365367945,3.484425574,0.151677685,3.288883943,0.860018224,3.764283683,0.503805156,-0.838071039,4.137785432,0.59683882,-0.095171766,0.836101091,0.539249555,2.036557508,0.113950152,1
GSM283402,4.378132797,0.052219645,-0.588057559,-3.876328765,3.266565652,0.266540996,-0.476718602,0.225849777,-0.651931323,0.096489718,-0.591684736,-3.789240845,-0.826367285,-4.320509867,0.930423729,-2.489942777,-0.359257192,-3.198979127,1.277283036,-0.408828076,-3.223060977,-0.632367964,-0.583869926,-0.441170657,-1.067304387,-1.231789183,-1.192139932,0
GSM283403,2.054905467,-1.369144159,1.502578489,4.875735729,-4.549429589,-0.443594507,0.949251292,-0.547859518,1.058005466,1.76194725,1.093070127,3.312271874,0.702152409,4.672174775,0.286399443,3.823330547,1.261332249,3.196672626,0.263173864,-1.034948381,4.112748485,1.306687805,0.939454778,1.492317761,0.445482915,1.863917544,0.834600146,1
GSM283404,3.839508644,-0.159040025,-0.551984547,-3.493829854,2.267441877,0.224861441,-0.352848488,0.840806979,-0.926618866,-0.745227448,-0.291498874,-3.568458696,-0.584303674,-3.292702921,0.878128163,-2.224946071,-0.523371967,-2.582573561,1.337272224,-0.395150429,-2.556178828,-0.410999922,-0.287605372,-0.047339987,-0.962460678,-1.018976994,-0.746504446,0
GSM283405,1.529485018,-0.912092676,-0.64772929,4.310604052,-0.925060365,-1.052731561,1.630925651,-1.404207537,1.575344057,1.650789818,0.681351843,3.269635164,1.270109891,2.941139078,0.920172248,3.561109008,2.047954878,3.566266105,-0.772188053,-2.73240185,2.976687345,1.514117111,1.460088199,1.15034706,1.796037616,2.285736104,1.383969928,1
GSM283406,3.384536255,0.102894655,-0.119212531,-1.192346293,3.393925908,0.742453365,-0.268859002,0.333016289,-0.139495024,0.116952305,-0.4219618,-1.243133376,-1.411919612,-1.051157762,0.888031369,-2.039455046,-0.234864896,-1.042015294,1.251197527,-2.010042425,-0.480883156,-0.714265641,-0.278587264,0.067255404,-0.573314626,-0.16805707,-0.836138898,0
GSM283407,3.463412999,-0.483622808,1.476701309,-5.04284263,-1.07811516,0.423832515,-0.755679773,-0.332000259,-2.714637032,-0.794757591,-1.091212945,NA,NA,-3.483399386,-0.586048529,NA,-0.202498909,-1.622261304,1.209636223,-0.742149553,-8.732540323,-0.283377327,1.142286983,1.266545154,2.218135107,-0.343858645,-1.02033507,0
GSM283408,3.488765759,0.022706232,-0.2332474,-0.785763078,2.898606117,0.731805693,-0.288840392,0.239467909,-0.964101325,-0.308838683,-0.642169793,-0.405168553,-1.466237298,-0.899070278,0.822127928,-1.717152678,-0.524943922,-1.691951044,1.18625469,-2.070349439,-0.248998285,-0.954909396,-0.483978605,-0.129969877,-1.06048344,-0.554867226,-0.805432929,0
GSM283409,3.117377314,0.222161402,2.007988185,NA,NA,0.244049415,0.777163418,-0.242676575,0.75871409,1.485779013,2.112099058,NA,0.150816467,-5.333551311,-0.476234705,-1.209041504,0.056571344,NA,0.958947033,-0.980123455,NA,0.407158696,1.38137598,1.485779013,3.411384613,-0.523723572,-0.899952926,0
GSM283410,2.9247466,-0.265169731,0.958021346,-0.449286208,2.463963594,-0.044078569,-0.30140663,0.248676617,-0.551952188,-0.163138374,-0.902110036,-0.217856419,-0.758732153,-0.781278232,0.660171223,-1.178877143,-0.500364079,-1.188350601,0.777007146,-3.008935285,0.080416456,-0.42824643,-0.284316008,-0.655310678,-0.344570324,0.467809985,-0.654006599,0
GSM283411,3.686917081,0.077341297,1.201668095,-0.047745677,-1.51195405,0.142513668,0.503057029,-0.245113846,-3.120387802,-0.452610893,0.38120668,0.254250763,-0.789554376,-0.441855213,-0.283320161,-0.780443226,1.433421264,-0.225335037,0.81188708,-0.607368135,-0.878155523,0.04034139,1.619384391,1.683522067,1.376980915,-0.327726981,-0.134538419,0
GSM283412,3.227376361,-0.429178399,-0.311524237,0.388166827,1.068244812,0.331756038,-0.258051864,0.183838641,0.365566368,-0.128584589,-0.817001667,0.377184278,-0.712425424,0.335025413,1.01809675,-1.091096876,0.013671605,0.059769407,0.946057971,-2.362089734,0.834971488,-0.313608158,-0.486732872,-0.437656243,-0.328657842,1.097247933,-1.610352638,0
GSM283413,3.777609375,0.238021049,-0.678057065,-1.334012631,3.153094537,-1.055594329,-0.146760229,-0.003690313,-0.569523078,0.326840204,-0.787443496,-1.087756229,-1.392736875,-1.602141879,1.254747242,-1.630450756,-0.754271715,-2.504505788,1.09975924,-0.713201245,-0.982837182,-0.866217084,-0.641104342,-0.236363725,-0.870720876,-0.121012383,-0.754271715,0
GSM283414,3.354811382,-0.258506945,-0.375016751,-4.068887217,3.075835774,-0.186979588,-0.720567363,0.024011999,-0.653966041,0.050118652,-0.54879582,-3.541375426,-0.43755852,-3.674703184,1.359832826,-2.977528429,-0.444504925,-3.432372335,1.035986061,-1.420720506,-3.351352103,-0.634186135,2.026804423,-0.145029927,-1.053776204,-0.832410974,-0.378535875,0
GSM283416,3.428184899,0.012350362,-0.22283075,-3.255039921,2.28763753,0.124374277,0.073232523,0.513466353,-0.058252438,0.096702187,-0.761454564,-3.249319025,-0.786168605,-3.482873093,1.563042169,-2.067942446,-0.205655059,-3.18165145,1.076944258,-1.303771639,-3.141773422,-0.176164875,0.170973077,0.294535021,-1.004693523,-0.319413016,-0.449217218,0
