,c,Genes_Present
1,HALLMARK_OXIDATIVE_PHOSPHORYLATION,"MPC1, OAT, ATP6AP1, POLR2F, ACO2, IDH3B, COX6A1, COX7A2, ATP5PB, COX4I1, COX7B, HADHB, MRPL11, SDHD, NDUFS3"
2,HALLMARK_E2F_TARGETS,"POLA2, TRIP13, SMC1A, HMMR, AURKA, BIRC5, KIF4A, MCM5, CDKN3, MYBL2, CDC20, STMN1, DLGAP5, DIAPH3, KIF2C, SSRP1, BUB1B, CCNB2, NOLC1, WEE1, MCM7, RRM2, NAA38, NAP1L1"
3,HALLMARK_INTERFERON_ALPHA_RESPONSE,"PSME1, PSME2, OASL, DDX60, IFI44, GBP2, B2M, ISG15"
4,HALLMARK_BILE_ACID_METABOLISM,"RBP1, ABCD3, PFKM, SLC35B2"
5,HALLMARK_KRAS_SIGNALING_DN,"EDN1, SGK1, SPRR3, CDH16, KRT4, KRT15, SERPINB2"
6,HALLMARK_ADIPOGENESIS,"SCARB1, ACO2, COX6A1, ARL4A, COX7B, COQ3, HSPB8, NDUFS3"
7,HALLMARK_FATTY_ACID_METABOLISM,"NTHL1, PSME1, ACO2, IDH3B, MCEE, HADHB, MAOA, SDHD"
8,HALLMARK_XENOBIOTIC_METABOLISM,"FBLN1, ACO2, PPARD, ARG1, MT2A, XDH, MAOA"
9,HALLMARK_MYC_TARGETS_V1,"RPL18, PABPC1, MCM5, PSMA2, CDC20, RPS10, CCNA2, NOLC1, MCM7, TYMS, NAP1L1"
10,HALLMARK_PEROXISOME,"PABPC1, SEMA3C, ABCD3, SLC35B2, FIS1"
11,HALLMARK_INTERFERON_GAMMA_RESPONSE,"PSME1, HIF1A, PSME2, PSMA2, ARL4A, MT2A, OASL, DDX60, IFI44, B2M, IFIT1, ISG15, PELI1, HLA-A"
12,HALLMARK_ESTROGEN_RESPONSE_LATE,"SCARB1, TFAP2C, KIF20A, CDC20, SGK1, ADD3, HSPB8, CKB"
13,HALLMARK_PANCREAS_BETA_CELLS,"DPP4, MAFB"
14,HALLMARK_P53_PATHWAY,"RPL18, CD81, IL1A, TNFSF9, ZNF365, PLK2"
15,HALLMARK_COAGULATION,"TIMP3, CTSH, THBS1, CTSK, SERPINB2, DPP4, CFD"
16,HALLMARK_G2M_CHECKPOINT,"POLA2, SMC1A, HMMR, NDC80, AURKA, TPX2, BIRC5, KIF4A, MCM5, CDKN3, HIF1A, MYBL2, NCL, CDC20, STMN1, CENPF, MT2A, KIF11, KIF2C, CCNA2, CCNB2, NOLC1, PBK, BUB1, EXO1, UBE2C, PRC1"
17,HALLMARK_CHOLESTEROL_HOMEOSTASIS,ACSS2
18,HALLMARK_DNA_REPAIR,"POLA2, POLR2F, GSDME, POLR2K, SSRP1, SAC3D1, NUDT9, TYMS"
19,HALLMARK_APICAL_SURFACE,
20,HALLMARK_COMPLEMENT,"CTSH, CALM3, SERPINB2, DPP4"
21,HALLMARK_ESTROGEN_RESPONSE_EARLY,"SCARB1, TFAP2C, SYNGR1, BCL11B, ADD3, HSPB8, AQP3, NAV2, KRT15"
22,HALLMARK_SPERMATOGENESIS,"AURKA, CDKN3, ARL4A, KIF2C, CCNB2, BUB1"
23,HALLMARK_MYC_TARGETS_V2,"MCM5, NOLC1, IPO4"
24,HALLMARK_ANGIOGENESIS,
25,HALLMARK_GLYCOLYSIS,"HMMR, AURKA, KIF20A, STMN1, NT5E, CITED2"
26,HALLMARK_NOTCH_SIGNALING,PPARD
27,HALLMARK_ALLOGRAFT_REJECTION,"HIF1A, GBP2, B2M, RPL39, HLA-E, HLA-A"
28,HALLMARK_APICAL_JUNCTION,"COL17A1, CLDN4, CTNND1, CDSN"
29,HALLMARK_PROTEIN_SECRETION,"LMAN1, ERGIC3"
30,HALLMARK_REACTIVE_OXYGEN_SPECIES_PATHWAY,
31,HALLMARK_ANDROGEN_RESPONSE,"LMAN1, INPP4B, SGK1, B2M"
32,HALLMARK_MTORC1_SIGNALING,"AURKA, ADD3, HSP90B1, BUB1, RRM2, PSMD13"
33,HALLMARK_APOPTOSIS,"TIMP3, IL1A, RHOB, WEE1"
34,HALLMARK_INFLAMMATORY_RESPONSE,"EDN1, HIF1A, IL1A, TNFSF9, PCDH7"
35,HALLMARK_MYOGENESIS,"ATP6AP1, HDAC5, CRYAB, TNNI2, FST, HSPB8, PFKM, CKB, NAV2, EPHB3, CFD, GJA5"
36,HALLMARK_MITOTIC_SPINDLE,"SMC1A, NDC80, AURKA, TPX2, BIRC5, KIF4A, CENPF, DLGAP5, KIF11, KIF2C, CCNB2, SAC3D1, BUB1, GEMIN4, PRC1"
37,HALLMARK_EPITHELIAL_MESENCHYMAL_TRANSITION,"FBLN1, TIMP3, DKK1, NT5E, THBS1, GLIPR1, RHOB, MCM7, THBS2"
38,HALLMARK_IL2_STAT5_SIGNALING,"MAP3K8, CD81, ARL4A, NT5E, RHOB, PRAF2"
39,HALLMARK_KRAS_SIGNALING_UP,"ARG1, PDCD1LG2, MAFB"
40,HALLMARK_IL6_JAK_STAT3_SIGNALING,MAP3K8
41,HALLMARK_HEME_METABOLISM,"DAAM1, ADIPOR1, AQP3, SLC30A1"
42,HALLMARK_WNT_BETA_CATENIN_SIGNALING,"DKK1, HDAC5, PPARD"
43,HALLMARK_PI3K_AKT_MTOR_SIGNALING,HSP90B1
44,HALLMARK_UNFOLDED_PROTEIN_RESPONSE,"TUBB2A, NOLC1, HSP90B1, EEF2, GEMIN4, IFIT1"
45,HALLMARK_HYPOXIA,"SCARB1, MT2A, CITED2, MT1E"
46,HALLMARK_UV_RESPONSE_UP,"RHOB, AQP3, CLTB, MAOA"
47,HALLMARK_HEDGEHOG_SIGNALING,NRP2
48,HALLMARK_UV_RESPONSE_DN,"INPP4B, RND3, ADD3, CITED2, MIOS, MT1E"
49,HALLMARK_TGF_BETA_SIGNALING,"LTBP2, THBS1"
50,HALLMARK_TNFA_SIGNALING_VIA_NFKB,"EDN1, MAP3K8, IL1A, SGK1, TNFSF9, TUBB2A, RHOB, PLK2, SERPINB2"
