Category,Term,,Count,%,PValue,Genes,List Total,Pop Hits,Pop Total,Fold Enrichment,Bonferroni,Benjamini,FDR
GOTERM_BP_DIRECT,GO:0051301~cell division,cell division,20,8.097165992,2.66E-07,"CDCA5, NCAPG2, NCAPG, BUB1B, KIF11, SMC1A, NDC80, SKA1, AURKA, CCNA2, CDC20, ASPM, CCNB2, TPX2, CENPF, CCNB1, CDC23, BIRC5, MCM5, KIF2C",235,389,19462,4.257944539,4.31E-04,2.12E-04,2.11E-04
GOTERM_BP_DIRECT,GO:0043066~negative regulation of apoptotic process,negative regulation of apoptotic process,14,5.668016194,0.014482099,"MSX2, CBX4, BCL11B, CITED2, PLK2, TENT5B, THBS1, DKK1, AURKA, MIEN1, CTSH, BIRC5, CRYAB, PPARD",235,542,19462,2.139185051,1,0.780585156,0.776723262
GOTERM_BP_DIRECT,GO:0000278~mitotic cell cycle,mitotic cell cycle,13,5.263157895,3.93E-07,"CDCA5, PLK2, DCTN3, KIF11, NDC80, SKA1, AURKA, TPX2, CENPF, TUBB2A, CDC23, BIRC5, MYBL2",235,155,19462,6.94594372,6.35E-04,2.12E-04,2.11E-04
GOTERM_BP_DIRECT,GO:0015031~protein transport,protein transport,11,4.453441296,0.043949439,"BTF3, LMAN1, SLC15A1, CENPF, NBAS, VPS51, CHMP2A, KIF20A, COPZ1, SCAMP2, VPS35L",235,446,19462,2.042572274,1,1,0.995668317
GOTERM_BP_DIRECT,GO:0007052~mitotic spindle organization,mitotic spindle organization,10,4.048582996,2.87E-08,"CCNB1, PLK2, KIF4A, STMN1, BIRC5, WDR62, KIF11, NDC80, DLGAP5, AURKA",235,58,19462,14.27879677,4.65E-05,4.65E-05,4.62E-05
GOTERM_BP_DIRECT,GO:0055085~transmembrane transport,transmembrane transport,10,4.048582996,0.003829748,"SLC44A5, PSMB6, SLC35B2, SLC44A3, SLC44A2, PSMA2, GJA9, ABCA12, GPR155, GSDME",235,255,19462,3.247726325,0.997979867,0.412846886,0.410804354
GOTERM_BP_DIRECT,GO:0009410~response to xenobiotic stimulus,response to xenobiotic stimulus,10,4.048582996,0.006513169,"BCHE, HDAC5, CENPF, ABCD3, SEMA3C, ARG1, XRCC1, BLMH, ADD3, THBS1",235,277,19462,2.989784162,0.999974229,0.585099722,0.58220498
GOTERM_BP_DIRECT,GO:0007049~cell cycle,cell cycle,10,4.048582996,0.0354758,"FANCI, RGS2, CDCA5, HJURP, BIRC5, MCM5, MAP3K8, KIF11, AURKA, CDKN3",235,370,19462,2.238297872,1,1,0.995668317
GOTERM_BP_DIRECT,GO:0071222~cellular response to lipopolysaccharide,cellular response to lipopolysaccharide,8,3.238866397,0.010212956,"HADHB, IL1A, HDAC5, ARG1, CD68, GBP2, PPARD, IL1F10",235,198,19462,3.346142274,0.999999938,0.68809793,0.684693611
GOTERM_BP_DIRECT,GO:0000281~mitotic cytokinesis,mitotic cytokinesis,7,2.834008097,1.66E-04,"KIF4A, STMN1, BIRC5, KIF20A, CEP55, RHOB, ZNF365",235,68,19462,8.525281602,0.235998365,0.053832589,0.053566256
GOTERM_BP_DIRECT,GO:0008544~epidermis development,epidermis development,7,2.834008097,5.98E-04,"COL17A1, LCE2B, SPRR3, YBX1, GRHL1, TGM5, SPRR2D",235,86,19462,6.740920336,0.619636917,0.132734082,0.132077389
GOTERM_BP_DIRECT,GO:0031424~keratinization,keratinization,7,2.834008097,8.06E-04,"LCE2B, IL1A, SPRR3, CNFN, ABCA12, TGM3, SPRR2D",235,91,19462,6.370540098,0.728589784,0.137452523,0.136772486
GOTERM_BP_DIRECT,GO:0001666~response to hypoxia,response to hypoxia,7,2.834008097,0.020343623,"IL1A, CITED2, XRCC1, THBS1, CRYAB, HIF1A, TM9SF4",235,177,19462,3.275249429,1,0.991051342,0.986148182
GOTERM_BP_DIRECT,GO:0007094~mitotic spindle assembly checkpoint,mitotic spindle assembly checkpoint,6,2.429149798,3.72E-05,"CDC20, CENPF, BIRC5, BUB1B, TRIP13, NDC80",235,32,19462,15.52819149,0.058372693,0.015036151,0.014961761
GOTERM_BP_DIRECT,GO:0000086~G2/M transition of mitotic cell cycle,G2/M transition of mitotic cell cycle,6,2.429149798,6.57E-04,"CCNA2, CCNB1, BIRC5, CALM3, FOXM1, AURKA",235,58,19462,8.567278063,0.654312976,0.132734082,0.132077389
GOTERM_BP_DIRECT,GO:0007059~chromosome segregation,chromosome segregation,6,2.429149798,0.006066167,"CENPF, HJURP, BIRC5, NDC80, SKA1, DLGAP5",235,96,19462,5.17606383,0.999946662,0.576999548,0.574144881
GOTERM_BP_DIRECT,GO:0018149~peptide cross-linking,,5,2.024291498,3.82E-04,"FLG, SPRR3, TGM5, THBS1, TGM3",235,29,19462,14.27879677,0.460851093,0.102940915,0.102431622
GOTERM_BP_DIRECT,GO:0090307~mitotic spindle assembly,,5,2.024291498,0.001455028,"CDC20, TPX2, MYBL2, KIF11, SMC1A",235,41,19462,10.09963674,0.905058427,0.213889114,0.212830912
GOTERM_BP_DIRECT,GO:0007080~mitotic metaphase plate congression,,5,2.024291498,0.00159319,"CCNB1, CDC23, CDCA5, CHMP2A, KIF2C",235,42,19462,9.8591692,0.924092758,0.214682402,0.213620275
GOTERM_BP_DIRECT,GO:0006605~protein targeting,,5,2.024291498,0.002237382,"SYNGR1, VPS51, OS9, LTBP2, SORL1",235,46,19462,9.001850139,0.97326815,0.278295866,0.276919016
GOTERM_BP_DIRECT,GO:0007346~regulation of mitotic cell cycle,,5,2.024291498,0.008642155,"CDC20, CDC23, GMNN, BIRC5, DLGAP5",235,67,19462,6.180374722,0.999999197,0.639597848,0.63643348
GOTERM_BP_DIRECT,GO:0010595~positive regulation of endothelial cell migration,,5,2.024291498,0.009097558,"SCARB1, EDN1, NRP2, THBS1, RHOB",235,68,19462,6.089486859,0.999999618,0.639597848,0.63643348
GOTERM_BP_DIRECT,GO:0009615~response to virus,,5,2.024291498,0.043854118,"PSMA2, STMN1, IFI44, DDX60, OASL",235,110,19462,3.764410058,1,1,0.995668317
GOTERM_BP_DIRECT,"GO:0006123~mitochondrial electron transport, cytochrome c to oxygen",,4,1.619433198,0.003246049,"COX7B, COX4I1, COX7A2, COX6A1",235,25,19462,13.2507234,0.994791166,0.374918701,0.373063816
GOTERM_BP_DIRECT,GO:0061436~establishment of skin barrier,,4,1.619433198,0.008458461,"FLG, STMN1, GRHL1, ABCA12",235,35,19462,9.464802432,0.999998917,0.639597848,0.63643348
GOTERM_BP_DIRECT,GO:0032465~regulation of cytokinesis,,4,1.619433198,0.013953731,"PLK2, CALM3, KIF20A, AURKA",235,42,19462,7.88733536,1,0.778040796,0.774191491
GOTERM_BP_DIRECT,GO:0045333~cellular respiration,,4,1.619433198,0.013953731,"COX7B, COX4I1, COX7A2, COX6A1",235,42,19462,7.88733536,1,0.778040796,0.774191491
GOTERM_BP_DIRECT,GO:0031145~anaphase-promoting complex-dependent catabolic process,,4,1.619433198,0.018867428,"PSMB6, CDC20, CDC23, PSMA2",235,47,19462,7.04825713,1,0.984149383,0.979280369
GOTERM_BP_DIRECT,GO:0006091~generation of precursor metabolites and energy,,4,1.619433198,0.019950696,"COX4I1, ACO2, COX6A1, PPARD",235,48,19462,6.90141844,1,0.991051342,0.986148182
GOTERM_BP_DIRECT,GO:0000079~regulation of cyclin-dependent protein serine/threonine kinase activity,,4,1.619433198,0.027157168,"CCNA2, CCNB2, CCNB1, CDKN3",235,54,19462,6.134594169,1,1,0.995668317
GOTERM_BP_DIRECT,GO:0014070~response to organic cyclic compound,,4,1.619433198,0.045166185,"KITLG, ABCD3, FST, CTSK",235,66,19462,5.019213411,1,1,0.995668317
GOTERM_BP_DIRECT,GO:0007057~spindle assembly involved in female meiosis I,,3,1.214574899,8.50E-04,"CCNB2, NDC80, AURKA",235,4,19462,62.11276596,0.747188156,0.137452523,0.136772486
GOTERM_BP_DIRECT,GO:0015871~choline transport,,3,1.214574899,0.004901551,"SLC44A5, SLC44A3, SLC44A2",235,9,19462,27.60567376,0.999645675,0.495362994,0.492912218
GOTERM_BP_DIRECT,GO:0070863~positive regulation of protein exit from endoplasmic reticulum,,3,1.214574899,0.007370776,"CD81, SORL1, TM9SF4",235,11,19462,22.58646035,0.999993622,0.627291828,0.624188343
GOTERM_BP_DIRECT,GO:0045616~regulation of keratinocyte differentiation,,3,1.214574899,0.008775246,"GRHL1, ABCA12, AQP3",235,12,19462,20.70425532,0.999999354,0.639597848,0.63643348
GOTERM_BP_DIRECT,GO:0045842~positive regulation of mitotic metaphase/anaphase transition,,3,1.214574899,0.011909586,"CDC20, CDC23, DLGAP5",235,14,19462,17.74650456,0.999999996,0.713251888,0.709723122
GOTERM_BP_DIRECT,GO:0030174~regulation of DNA-dependent DNA replication initiation,,3,1.214574899,0.011909586,"WDR18, GMNN, MCM5",235,14,19462,17.74650456,0.999999996,0.713251888,0.709723122
GOTERM_BP_DIRECT,GO:0051310~metaphase plate congression,,3,1.214574899,0.011909586,"CENPF, KIF2C, NDC80",235,14,19462,17.74650456,0.999999996,0.713251888,0.709723122
GOTERM_BP_DIRECT,GO:0007051~spindle organization,,3,1.214574899,0.021515978,"ASPM, KIF11, AURKA",235,19,19462,13.07637178,1,0.991051342,0.986148182
GOTERM_BP_DIRECT,GO:0051445~regulation of meiotic cell cycle,,3,1.214574899,0.02371979,"CDC20, ASPM, CDC23",235,20,19462,12.42255319,1,0.991051342,0.986148182
GOTERM_BP_DIRECT,GO:0007064~mitotic sister chromatid cohesion,,3,1.214574899,0.02371979,"CDC20, CDCA5, SMC1A",235,20,19462,12.42255319,1,0.991051342,0.986148182
GOTERM_BP_DIRECT,GO:0033189~response to vitamin A,,3,1.214574899,0.02371979,"ARG1, RBP1, PPARD",235,20,19462,12.42255319,1,0.991051342,0.986148182
GOTERM_BP_DIRECT,GO:0051000~positive regulation of nitric-oxide synthase activity,,3,1.214574899,0.036015685,"SCARB1, CALM3, HIF1A",235,25,19462,9.938042553,1,1,0.995668317
GOTERM_BP_DIRECT,GO:0006656~phosphatidylcholine biosynthetic process,,3,1.214574899,0.036015685,"SLC44A5, SLC44A3, SLC44A2",235,25,19462,9.938042553,1,1,0.995668317
GOTERM_BP_DIRECT,GO:0044772~mitotic cell cycle phase transition,,3,1.214574899,0.036015685,"CCNA2, CCNB2, CCNB1",235,25,19462,9.938042553,1,1,0.995668317
GOTERM_BP_DIRECT,GO:0003148~outflow tract septum morphogenesis,,3,1.214574899,0.038713893,"NRP2, SEMA3C, MSX2",235,26,19462,9.555810147,1,1,0.995668317
GOTERM_BP_DIRECT,GO:0035307~positive regulation of protein dephosphorylation,,3,1.214574899,0.044331444,"PPP1R7, CALM3, SPPL3",235,28,19462,8.87325228,1,1,0.995668317
GOTERM_BP_DIRECT,GO:0006270~DNA replication initiation,,3,1.214574899,0.044331444,"POLA2, MCM10, MCM5",235,28,19462,8.87325228,1,1,0.995668317
GOTERM_BP_DIRECT,GO:0008315~meiotic G2/MI transition,,2,0.809716599,0.023902908,"CCNB2, NDC80",235,2,19462,82.81702128,1,0.991051342,0.986148182
GOTERM_BP_DIRECT,GO:0070101~positive regulation of chemokine-mediated signaling pathway,,2,0.809716599,0.023902908,"EDN1, HIF1A",235,2,19462,82.81702128,1,0.991051342,0.986148182
GOTERM_BP_DIRECT,GO:0051231~spindle elongation,,2,0.809716599,0.03564015,"KIF4A, KIF11",235,3,19462,55.21134752,1,1,0.995668317
GOTERM_BP_DIRECT,GO:0099638~endosome to plasma membrane protein transport,,2,0.809716599,0.047236851,"ATP6AP1, SORL1",235,4,19462,41.40851064,1,1,0.995668317
GOTERM_BP_DIRECT,GO:0019884~antigen processing and presentation of exogenous antigen,,2,0.809716599,0.047236851,"PSME1, PSME2",235,4,19462,41.40851064,1,1,0.995668317
GOTERM_BP_DIRECT,GO:0002605~negative regulation of dendritic cell antigen processing and presentation,,2,0.809716599,0.047236851,"CD68, THBS1",235,4,19462,41.40851064,1,1,0.995668317
GOTERM_BP_DIRECT,GO:1905448~positive regulation of mitochondrial ATP synthesis coupled electron transport,,2,0.809716599,0.047236851,"CHCHD2, CCNB1",235,4,19462,41.40851064,1,1,0.995668317
GOTERM_BP_DIRECT,GO:0045840~positive regulation of mitotic nuclear division,,3,1.214574899,0.050229624,"IL1A, EDN1, AURKA",235,30,19462,8.281702128,1,1,0.995668317
GOTERM_BP_DIRECT,GO:0045766~positive regulation of angiogenesis,,6,2.429149798,0.050358234,"IL1A, GAB1, CTSH, THBS1, HIF1A, RHOB",235,166,19462,2.993386311,1,1,0.995668317
GOTERM_BP_DIRECT,GO:0006196~AMP catabolic process,,2,0.809716599,0.058694687,"NT5E, XDH",235,5,19462,33.12680851,1,1,0.995668317
GOTERM_BP_DIRECT,GO:0002248~connective tissue replacement involved in inflammatory response wound healing,,2,0.809716599,0.058694687,"IL1A, HIF1A",235,5,19462,33.12680851,1,1,0.995668317
GOTERM_BP_DIRECT,GO:0045931~positive regulation of mitotic cell cycle,,3,1.214574899,0.062802491,"CCNB1, BIRC5, AURKA",235,34,19462,7.30738423,1,1,0.995668317
GOTERM_BP_DIRECT,GO:0031669~cellular response to nutrient levels,,3,1.214574899,0.062802491,"MIOS, CD68, PPARD",235,34,19462,7.30738423,1,1,0.995668317
GOTERM_BP_DIRECT,GO:0001975~response to amphetamine,,3,1.214574899,0.069446027,"EDN1, RGS2, CALM3",235,36,19462,6.90141844,1,1,0.995668317
GOTERM_BP_DIRECT,GO:0048255~mRNA stabilization,,3,1.214574899,0.069446027,"YBX1, PABPC1, TENT5B",235,36,19462,6.90141844,1,1,0.995668317
GOTERM_BP_DIRECT,GO:0071373~cellular response to luteinizing hormone stimulus,,2,0.809716599,0.070015314,"CCNA2, EDN1",235,6,19462,27.60567376,1,1,0.995668317
GOTERM_BP_DIRECT,GO:0006102~isocitrate metabolic process,,2,0.809716599,0.070015314,"IDH3B, ACO2",235,6,19462,27.60567376,1,1,0.995668317
GOTERM_BP_DIRECT,GO:0007100~mitotic centrosome separation,,2,0.809716599,0.070015314,"KIF11, AURKA",235,6,19462,27.60567376,1,1,0.995668317
GOTERM_BP_DIRECT,GO:0031536~positive regulation of exit from mitosis,,2,0.809716599,0.070015314,"CDCA5, BIRC5",235,6,19462,27.60567376,1,1,0.995668317
GOTERM_BP_DIRECT,GO:0010193~response to ozone,,2,0.809716599,0.070015314,"IL1A, EDN1",235,6,19462,27.60567376,1,1,0.995668317
GOTERM_BP_DIRECT,GO:0006366~transcription from RNA polymerase II promoter,,7,2.834008097,0.071505383,"EDN1, EHF, BCL11B, NCAPG2, POLR2F, TRIP13, POLR2K",235,241,19462,2.405473647,1,1,0.995668317
GOTERM_BP_DIRECT,GO:0002244~hematopoietic progenitor cell differentiation,,4,1.619433198,0.071928517,"KITLG, CITED2, FST, SSBP3",235,80,19462,4.140851064,1,1,0.995668317
GOTERM_BP_DIRECT,GO:0006915~apoptotic process,,13,5.263157895,0.071963619,"BUB1B, THBS1, RHOB, AURKA, IL1A, TPX2, MIEN1, CTSK, CTSH, BIRC5, SGK1, ZNF385A, PPARD",235,620,19462,1.73648593,1,1,0.995668317
GOTERM_BP_DIRECT,GO:0002052~positive regulation of neuroblast proliferation,,3,1.214574899,0.072850548,"ASPM, WDR62, HIF1A",235,37,19462,6.714893617,1,1,0.995668317
GOTERM_BP_DIRECT,GO:0021987~cerebral cortex development,,4,1.619433198,0.076221596,"ASPM, TUBB2A, WDR62, HIF1A",235,82,19462,4.039854696,1,1,0.995668317
GOTERM_BP_DIRECT,GO:0000070~mitotic sister chromatid segregation,,3,1.214574899,0.076307847,"NCAPG2, SMC1A, NDC80",235,38,19462,6.53818589,1,1,0.995668317
GOTERM_BP_DIRECT,GO:0071456~cellular response to hypoxia,,5,2.024291498,0.078513709,"CCNA2, EDN1, HIF1A, AQP3, PPARD",235,134,19462,3.090187361,1,1,0.995668317
GOTERM_BP_DIRECT,GO:0046605~regulation of centrosome cycle,,2,0.809716599,0.081200368,"WDR62, AURKA",235,7,19462,23.66200608,1,1,0.995668317
GOTERM_BP_DIRECT,GO:0019216~regulation of lipid metabolic process,,3,1.214574899,0.086979105,"BCL11B, ADIPOR1, PPARD",235,41,19462,6.059782045,1,1,0.995668317
GOTERM_BP_DIRECT,GO:0071356~cellular response to tumor necrosis factor,,5,2.024291498,0.088818377,"EDN1, CTSK, GBP2, THBS1, GSDME",235,140,19462,2.95775076,1,1,0.995668317
GOTERM_BP_DIRECT,GO:1902600~hydrogen ion transmembrane transport,,5,2.024291498,0.090596443,"SLC15A1, COX7B, ATP6AP1, ATP5PB, COX4I1",235,141,19462,2.936773804,1,1,0.995668317
GOTERM_BP_DIRECT,GO:0045184~establishment of protein localization,,3,1.214574899,0.090630374,"CHMP2A, PHLDB2, CEP55",235,42,19462,5.91550152,1,1,0.995668317
GOTERM_BP_DIRECT,GO:0007018~microtubule-based movement,,4,1.619433198,0.092100427,"KIF4A, KIF2C, KIF20A, KIF11",235,89,19462,3.722113316,1,1,0.995668317
GOTERM_BP_DIRECT,GO:0006776~vitamin A metabolic process,,2,0.809716599,0.092251466,"RBP1, PPARD",235,8,19462,20.70425532,1,1,0.995668317
