Category,Term,Count,%,PValue,Genes,List Total,Pop Hits,Pop Total,Fold Enrichment,Bonferroni,Benjamini,FDR
GOTERM_BP_DIRECT,GO:0001666~response to hypoxia,12,3.260869565,1.98E-04,"SMAD4, ACE, CASP3, BNIP3, DDIT4, SLC2A1, ADM, PLOD2, LIMD1, WTIP, HSPG2, VEGFA",326,177,19462,4.047416034,0.321261965,0.349832846,0.349832846
GOTERM_BP_DIRECT,GO:0006357~regulation of transcription from RNA polymerase II promoter,49,13.31521739,3.58E-04,"ZNF251, ZNF805, ZMIZ2, LRRFIP1, TGIF1, KLF12, KLF13, ZNF284, ZNF282, ZNF160, OVOL2, MED22, CREB3, DGKQ, ZNF319, ZNF514, HOXB2, IRF5, JDP2, KDM7A, ZNF397, ZNF275, KDM3A, CTBP2, CBFB, CTBP1, MLLT6, MNT, DEAF1, ATXN7, NACC2, ZKSCAN2, ZNF587, ZNF224, ZNF664, XBP1, SMAD4, VEGFA, KLF8, ZNF37A, BHLHE40, ZNF416, ZNF778, ZNF337, PKN1, RBAK, RCOR1, ZFP28, ZNF354B",326,1736,19462,1.685063329,0.50331086,0.349832846,0.349832846
GOTERM_BP_DIRECT,GO:0007420~brain development,13,3.532608696,0.001689837,"KDM4B, ACE, FKRP, SPHK2, ATP2B1, SMARCA1, HSPG2, EPOR, PPP3CC, PITPNM1, DDIT4, FPGS, PAFAH1B2",326,264,19462,2.939742517,0.963353042,1,1
GOTERM_BP_DIRECT,GO:0008285~negative regulation of cell proliferation,18,4.891304348,0.002068477,"SMAD4, KLF13, TES, CTBP2, CTBP1, TPBG, EIF2AK2, ADM, CGRRF1, HSPG2, CDC73, MNT, RASSF3, NACC2, FTH1, SPRY2, SPEG, SH2B3",326,462,19462,2.325950123,0.982543818,1,1
GOTERM_BP_DIRECT,GO:0000122~negative regulation of transcription from RNA polymerase II promoter,30,8.152173913,0.00348981,"CTBP2, CBFB, CTBP1, CDC73, MNT, DEAF1, NACC2, TRIM27, ANKRD52, LRRFIP1, ZNF224, SNCA, TGIF1, PLK3, XBP1, KLF12, SMAD4, ZNF282, SAP30, VEGFA, OVOL2, KLF8, BHLHE40, ZNF778, TRIB3, ZNF337, BCOR, BCORL1, JDP2, ZNF354B",326,1015,19462,1.764513887,0.998924007,1,1
GOTERM_BP_DIRECT,GO:0006760~folic acid-containing compound metabolic process,3,0.815217391,0.003989119,"MTHFD1L, MTHFD2, FPGS",326,6,19462,29.84969325,0.999596092,1,1
GOTERM_BP_DIRECT,"GO:0045892~negative regulation of transcription, DNA-templated",20,5.434782609,0.00521019,"ZNF397, L3MBTL1, SMAD4, CTBP2, ZNF282, CTBP1, LIMD1, WTIP, DEAF1, NACC2, BHLHE40, SCMH1, HSBP1L1, TRIB3, BCOR, RBAK, ZNF224, EID2B, RCOR1, TRIM11",326,592,19462,2.016871166,0.999963293,1,1
GOTERM_BP_DIRECT,GO:0006469~negative regulation of protein kinase activity,6,1.630434783,0.005561503,"DBNDD2, DVL1, TRIB3, PKN1, TRIM27, SNCA",326,68,19462,5.267592927,0.999981599,1,1
GOTERM_BP_DIRECT,GO:0090141~positive regulation of mitochondrial fission,4,1.086956522,0.005615184,"BNIP3, DDHD2, SPIRE1, MIEF2",326,22,19462,10.85443391,0.999983442,1,1
GOTERM_BP_DIRECT,"GO:0006355~regulation of transcription, DNA-templated",29,7.880434783,0.007328274,"L3MBTL1, ZNF251, CHD7, LIMD1, MLLT6, SCMH1, DVL1, ZKSCAN2, LRRFIP1, ZNF224, ZNF664, PDE8A, TGIF1, SMAD4, ZNF284, ZNF282, ZNF160, SMARCA1, WTIP, SAP30, PTP4A3, ZNF37A, BHLHE40, ZNF778, ZNF514, ZNF337, RBAK, ZFP28, ZNF354B",326,1024,19462,1.690705282,0.999999431,1,1
GOTERM_BP_DIRECT,GO:0032092~positive regulation of protein binding,6,1.630434783,0.007928435,"ACE, RALB, LRP1, CAPRIN2, TRIB3, PKD1",326,74,19462,4.840490798,0.999999826,1,1
GOTERM_BP_DIRECT,GO:0006468~protein phosphorylation,16,4.347826087,0.008171664,"CDKL2, PLK3, SRMS, CTBP1, CDC42BPG, TNK1, HUS1, EIF2AK2, CDC42BPB, RSKR, NRBP2, TRIB3, PKN1, CAMK1, MAP3K11, PDK1",326,445,19462,2.146494796,0.999999892,1,1
GOTERM_BP_DIRECT,GO:0070534~protein K63-linked ubiquitination,5,1.358695652,0.008337918,"ITCH, TRAF5, TRAF2, TRIM27, TRIM56",326,48,19462,6.218686094,0.999999922,1,1
GOTERM_BP_DIRECT,GO:0031623~receptor internalization,5,1.358695652,0.0103003,"ITCH, RALB, LRP1, ADM, SNCA",326,51,19462,5.85288103,0.999999998,1,1
GOTERM_BP_DIRECT,GO:0035556~intracellular signal transduction,16,4.347826087,0.011196016,"SMAD4, CDC42BPG, ADCY4, ADCY3, CDC42BPB, KCTD9, NRBP2, RASSF1, RASSF3, DGKQ, DDIT4, DVL1, PKN1, SH2B3, SIPA1, TNS1",326,462,19462,2.067511221,1,1,1
GOTERM_BP_DIRECT,GO:0001843~neural tube closure,6,1.630434783,0.011481204,"VASP, SDC4, MTHFD1L, DEAF1, ADM, CELSR1",326,81,19462,4.422176778,1,1,1
GOTERM_BP_DIRECT,GO:0007565~female pregnancy,6,1.630434783,0.014597118,"SLC38A1, ACE, SPHK2, SLC2A1, ADM, UPRT",326,86,19462,4.165073477,1,1,1
GOTERM_BP_DIRECT,GO:0030036~actin cytoskeleton organization,10,2.717391304,0.016750854,"VASP, INF2, PDLIM2, IQSEC1, CDC42BPG, SPIRE1, KRAS, CDC42BPB, ARFGEF3, PDLIM7",326,233,19462,2.562205429,1,1,1
GOTERM_BP_DIRECT,GO:0007264~small GTPase mediated signal transduction,7,1.902173913,0.017281319,"DOCK11, CCDC88A, RGS19, RASGEF1A, DOCK9, SH2D3A, VAV2",326,123,19462,3.397526061,1,1,1
GOTERM_BP_DIRECT,GO:0060394~negative regulation of pathway-restricted SMAD protein phosphorylation,3,0.815217391,0.019203469,"XBP1, LRP1, SNX25",326,13,19462,13.7767815,1,1,1
GOTERM_BP_DIRECT,GO:0016024~CDP-diacylglycerol biosynthetic process,3,0.815217391,0.019203469,"GPAT4, AGPAT2, CDS2",326,13,19462,13.7767815,1,1,1
GOTERM_BP_DIRECT,GO:0033169~histone H3-K9 demethylation,3,0.815217391,0.019203469,"KDM4B, KDM3A, KDM7A",326,13,19462,13.7767815,1,1,1
GOTERM_BP_DIRECT,GO:0033138~positive regulation of peptidyl-serine phosphorylation,6,1.630434783,0.019843083,"SH2D3A, CAPRIN2, SPRY2, CAMK1, VEGFA, SNCA",326,93,19462,3.851573323,1,1,1
GOTERM_BP_DIRECT,GO:0016567~protein ubiquitination,16,4.347826087,0.020774589,"RNF34, DCAF4, MID2, KLHL9, KCTD9, ITCH, MED30, GAN, TSPAN17, ENC1, TRIM47, KCTD11, TRIM27, LZTR1, TRIM11, FBXO9",326,498,19462,1.918052578,1,1,1
GOTERM_BP_DIRECT,GO:0030010~establishment of cell polarity,4,1.086956522,0.023587076,"UST, CORO7, RAB11FIP2, PKD1",326,37,19462,6.45398773,1,1,1
GOTERM_BP_DIRECT,GO:0006730~one-carbon metabolic process,4,1.086956522,0.023587076,"MTHFD1L, MTHFD2, FPGS, ALDH1L2",326,37,19462,6.45398773,1,1,1
GOTERM_BP_DIRECT,GO:0030097~hemopoiesis,5,1.358695652,0.028265643,"L3MBTL1, ZNF160, CRIP2, SH2B3, EPOR",326,69,19462,4.3260425,1,1,1
GOTERM_BP_DIRECT,GO:0046655~folic acid metabolic process,3,0.815217391,0.028589736,"MTHFD2, FPGS, ALDH1L2",326,16,19462,11.19363497,1,1,1
GOTERM_BP_DIRECT,GO:0032897~negative regulation of viral transcription,3,0.815217391,0.028589736,"TRIM27, MID2, TRIM11",326,16,19462,11.19363497,1,1,1
GOTERM_BP_DIRECT,GO:0006654~phosphatidic acid biosynthetic process,4,1.086956522,0.02892145,"GPAT4, DGKQ, LPCAT1, AGPAT2",326,40,19462,5.96993865,1,1,1
GOTERM_BP_DIRECT,GO:0031100~animal organ regeneration,4,1.086956522,0.02892145,"ACE, FPGS, ADM, HSPG2",326,40,19462,5.96993865,1,1,1
GOTERM_BP_DIRECT,GO:0008283~cell proliferation,8,2.173913043,0.031843974,"UCHL1, SMAD4, SPHK2, TXNRD1, FPGS, TACC1, PDK1, OVOL2",326,180,19462,2.653306067,1,1,1
GOTERM_BP_DIRECT,GO:0002720~positive regulation of cytokine production involved in immune response,3,0.815217391,0.032050098,"SLC7A5, SPHK2, IRF5",326,17,19462,10.53518585,1,1,1
GOTERM_BP_DIRECT,GO:0044790~negative regulation by host of viral release from host cell,3,0.815217391,0.032050098,"TRIM27, MID2, TRIM11",326,17,19462,10.53518585,1,1,1
GOTERM_BP_DIRECT,GO:0008355~olfactory learning,2,0.543478261,0.033120398,"TPBG, ADCY3",326,2,19462,59.6993865,1,1,1
GOTERM_BP_DIRECT,GO:1990830~cellular response to leukemia inhibitory factor,6,1.630434783,0.033713448,"PTP4A3, KDM3A, CTBP2, SPRY4, SPRY2, SNX10",326,107,19462,3.34762915,1,1,1
GOTERM_BP_DIRECT,GO:0030163~protein catabolic process,5,1.358695652,0.03680955,"PDLIM2, CASP3, LPCAT1, TRAF2, DENND3",326,75,19462,3.9799591,1,1,1
GOTERM_BP_DIRECT,GO:0032091~negative regulation of protein binding,5,1.358695652,0.03680955,"ACE, RALB, CTSZ, DVL1, CAMK1",326,75,19462,3.9799591,1,1,1
GOTERM_BP_DIRECT,GO:1902236~negative regulation of endoplasmic reticulum stress-induced intrinsic apoptotic signaling pathway,3,0.815217391,0.039430308,"CREB3, XBP1, SELENOS",326,19,19462,9.426218922,1,1,1
GOTERM_BP_DIRECT,GO:0043407~negative regulation of MAP kinase activity,4,1.086956522,0.041331953,"UCHL1, SPRY4, SPRY2, SH2B3",326,46,19462,5.191251,1,1,1
GOTERM_BP_DIRECT,GO:0010801~negative regulation of peptidyl-threonine phosphorylation,3,0.815217391,0.043338087,"DGKQ, DDIT4, SPRY2",326,20,19462,8.954907975,1,1,1
GOTERM_BP_DIRECT,GO:0035914~skeletal muscle cell differentiation,4,1.086956522,0.045974399,"KRAS, ANKRD52, LEMD2, SAP30",326,48,19462,4.974948875,1,1,1
GOTERM_BP_DIRECT,GO:0032012~regulation of ARF protein signal transduction,3,0.815217391,0.0473832,"IQSEC1, ARFGAP3, ARFGEF3",326,21,19462,8.528483786,1,1,1
GOTERM_BP_DIRECT,GO:0006650~glycerophospholipid metabolic process,3,0.815217391,0.0473832,"GPAT4, LPCAT1, AGPAT2",326,21,19462,8.528483786,1,1,1
GOTERM_BP_DIRECT,GO:0055092~sterol homeostasis,2,0.543478261,0.049268181,"XBP1, ABCD1",326,3,19462,39.799591,1,1,1
GOTERM_BP_DIRECT,GO:1902033~regulation of hematopoietic stem cell proliferation,2,0.543478261,0.049268181,"ACE, EIF2AK2",326,3,19462,39.799591,1,1,1
GOTERM_BP_DIRECT,GO:0006990~positive regulation of transcription from RNA polymerase II promoter involved in unfolded protein response,2,0.543478261,0.049268181,"CREB3, XBP1",326,3,19462,39.799591,1,1,1
GOTERM_BP_DIRECT,GO:0036303~lymph vessel morphogenesis,2,0.543478261,0.049268181,"PKD1, VEGFA",326,3,19462,39.799591,1,1,1
GOTERM_BP_DIRECT,GO:0031122~cytoplasmic microtubule organization,4,1.086956522,0.053398231,"CCDC88A, PLK3, KATNAL1, DVL1",326,51,19462,4.682304824,1,1,1
GOTERM_BP_DIRECT,GO:0030968~endoplasmic reticulum unfolded protein response,4,1.086956522,0.055993108,"CREB3, XBP1, SELENOS, EIF2AK2",326,52,19462,4.5922605,1,1,1
GOTERM_BP_DIRECT,GO:0046580~negative regulation of Ras protein signal transduction,3,0.815217391,0.060286831,"SPRY4, SPRY2, LZTR1",326,24,19462,7.462423313,1,1,1
GOTERM_BP_DIRECT,GO:0030308~negative regulation of cell growth,6,1.630434783,0.060331869,"SMAD4, SPHK2, CAPRIN2, OSGIN2, CGRRF1, SIPA1",326,126,19462,2.842827929,1,1,1
GOTERM_BP_DIRECT,GO:0007162~negative regulation of cell adhesion,4,1.086956522,0.061359234,"CLDN7, PLXNB3, HSPG2, SIPA1",326,54,19462,4.422176778,1,1,1
GOTERM_BP_DIRECT,GO:0010508~positive regulation of autophagy,5,1.358695652,0.061915262,"XBP1, BNIP3, ULK2, TRIM27, MID2",326,89,19462,3.353898118,1,1,1
GOTERM_BP_DIRECT,GO:0045786~negative regulation of cell cycle,4,1.086956522,0.064129043,"CREB3, TP53I13, CASP3, SIPA1",326,55,19462,4.341773564,1,1,1
GOTERM_BP_DIRECT,GO:0030218~erythrocyte differentiation,4,1.086956522,0.064129043,"MFHAS1, CASP3, FLVCR1, RCOR1",326,55,19462,4.341773564,1,1,1
GOTERM_BP_DIRECT,GO:0042908~xenobiotic transport,3,0.815217391,0.064826301,"ABCC3, SLC7A5, SLC2A1",326,25,19462,7.16392638,1,1,1
GOTERM_BP_DIRECT,GO:0010749~regulation of nitric oxide mediated signal transduction,2,0.543478261,0.065147098,"CBS, VEGFA",326,4,19462,29.84969325,1,1,1
GOTERM_BP_DIRECT,GO:1900086~positive regulation of peptidyl-tyrosine autophosphorylation,2,0.543478261,0.065147098,"ACE, VEGFA",326,4,19462,29.84969325,1,1,1
GOTERM_BP_DIRECT,GO:0002208~somatic diversification of immunoglobulins involved in immune response,2,0.543478261,0.065147098,"SHLD3, SHLD2",326,4,19462,29.84969325,1,1,1
GOTERM_BP_DIRECT,GO:1903078~positive regulation of protein localization to plasma membrane,4,1.086956522,0.066955682,"LRP1, ARHGEF16, PTPN9, RAB11FIP2",326,56,19462,4.264241893,1,1,1
GOTERM_BP_DIRECT,GO:0010608~posttranscriptional regulation of gene expression,3,0.815217391,0.069476336,"ACE, ZC3H7B, TDRD7",326,26,19462,6.88839075,1,1,1
GOTERM_BP_DIRECT,GO:0001782~B cell homeostasis,3,0.815217391,0.069476336,"DOCK11, CASP3, PKN1",326,26,19462,6.88839075,1,1,1
GOTERM_BP_DIRECT,GO:0007265~Ras protein signal transduction,5,1.358695652,0.072609323,"SHTN1, RASSF1, RALB, RASGEF1A, KRAS",326,94,19462,3.175499282,1,1,1
GOTERM_BP_DIRECT,GO:0001701~in utero embryonic development,8,2.173913043,0.073802194,"SMAD4, WNT7B, CHD7, FLVCR1, SEC24D, PKD1, DBN1, VEGFA",326,218,19462,2.190803174,1,1,1
GOTERM_BP_DIRECT,GO:0045742~positive regulation of epidermal growth factor receptor signaling pathway,3,0.815217391,0.074232004,"CCDC88A, RALB, SPRY2",326,27,19462,6.633265167,1,1,1
GOTERM_BP_DIRECT,GO:0090200~positive regulation of release of cytochrome c from mitochondria,3,0.815217391,0.074232004,"MOAP1, BIK, BNIP3",326,27,19462,6.633265167,1,1,1
GOTERM_BP_DIRECT,GO:0007507~heart development,8,2.173913043,0.07842256,"PDLIM2, CASP3, DVL1, ADM, BCOR, PKD1, EPOR, PDLIM7",326,221,19462,2.161063765,1,1,1
GOTERM_BP_DIRECT,GO:0051384~response to glucocorticoid,4,1.086956522,0.078814656,"PDCD7, CASP3, WNT7B, ADM",326,60,19462,3.9799591,1,1,1
GOTERM_BP_DIRECT,GO:0034599~cellular response to oxidative stress,5,1.358695652,0.079447616,"XBP1, SELENOS, GSR, PYCR2, SNCA",326,97,19462,3.077287964,1,1,1
GOTERM_BP_DIRECT,GO:0098708~glucose import across plasma membrane,2,0.543478261,0.080761611,"SLC2A1, SLC2A3",326,5,19462,23.8797546,1,1,1
GOTERM_BP_DIRECT,GO:0042060~wound healing,5,1.358695652,0.081795931,"SMAD4, SDC4, CASP3, EPPK1, CELSR1",326,98,19462,3.045887066,1,1,1
GOTERM_BP_DIRECT,GO:0050808~synapse organization,4,1.086956522,0.081913362,"WNT7B, DVL1, PPFIA4, SNCA",326,61,19462,3.914713869,1,1,1
GOTERM_BP_DIRECT,GO:0005975~carbohydrate metabolic process,7,1.902173913,0.082975117,"MAN2A2, SLC2A3, MAN1A1, SPATA20, FUT2, RENBP, CHST3",326,181,19462,2.308816053,1,1,1
GOTERM_BP_DIRECT,GO:0046330~positive regulation of JNK cascade,5,1.358695652,0.084178245,"MFHAS1, WNT7B, TRAF5, TRAF2, MAP3K11",326,99,19462,3.01512053,1,1,1
GOTERM_BP_DIRECT,GO:0048010~vascular endothelial growth factor receptor signaling pathway,3,0.815217391,0.089085458,"XBP1, VAV2, VEGFA",326,30,19462,5.96993865,1,1,1
GOTERM_BP_DIRECT,GO:0007049~cell cycle,11,2.989130435,0.092953945,"KLHL9, RASSF1, RALB, KATNAL1, CEP164, KCTD11, CAMK1, CGRRF1, RAB11FIP3, CDC73, KLHL42",326,370,19462,1.774846626,1,1,1
GOTERM_BP_DIRECT,GO:0006325~chromatin organization,10,2.717391304,0.093300443,"L3MBTL1, KDM4B, KDM3A, CHD7, BCOR, PKN1, BCORL1, RCOR1, KDM7A, MLLT6",326,323,19462,1.84827822,1,1,1
GOTERM_BP_DIRECT,GO:0009410~response to xenobiotic stimulus,9,2.445652174,0.094031839,"TGIF1, ACE, TP53I13, PARP4, CASP3, FPGS, HSPG2, AGPAT2, SNCA",326,277,19462,1.939691258,1,1,1
GOTERM_BP_DIRECT,GO:0048812~neuron projection morphogenesis,4,1.086956522,0.094817951,"SHTN1, WNT7B, DBN1, ATP9A",326,65,19462,3.6738084,1,1,1
GOTERM_BP_DIRECT,GO:0016477~cell migration,9,2.445652174,0.09575339,"LAMA5, CCDC88A, SDC4, RASGEF1A, SDC3, CORO7, CDC42BPB, LIMD1, VAV2",326,278,19462,1.932713952,1,1,1
GOTERM_BP_DIRECT,GO:0003008~system process,2,0.543478261,0.096116109,"ADCY4, ADCY3",326,6,19462,19.8997955,1,1,1
GOTERM_BP_DIRECT,GO:0051127~positive regulation of actin nucleation,2,0.543478261,0.096116109,"TRIM27, WHAMM",326,6,19462,19.8997955,1,1,1
GOTERM_BP_DIRECT,GO:0045907~positive regulation of vasoconstriction,3,0.815217391,0.099431345,"HRH1, FAAH, ACE",326,32,19462,5.596817485,1,1,1
GOTERM_BP_DIRECT,GO:0060271~cilium assembly,8,2.173913043,0.099907326,"LAMA5, DYNC2I1, CCDC57, CEP164, DZIP1L, SNX10, RAB17, PTPDC1",326,235,19462,2.032319541,1,1,1
