"","GSM283171","GSM283172","GSM283175","GSM283186","GSM283188","GSM283190","GSM283194","GSM283319","GSM283320","GSM283321","GSM283322","GSM283323","GSM283324","GSM283325","GSM283326","GSM283327","GSM283328","GSM283330","GSM283332","GSM283334","GSM283338","GSM283346","GSM283348","GSM283352","GSM283353","GSM283354","GSM283355","GSM283356","GSM283357","GSM283358","GSM283360","GSM283366","GSM283367","GSM283369","GSM283371","GSM283373","GSM283375","GSM283377","GSM283379","GSM283380","GSM283381","GSM283382","GSM283383","GSM283384","GSM283399","GSM283402","GSM283404","GSM283406","GSM283408","GSM283410","GSM283412","GSM283413"
"33228",-0.735244476117278,-0.983152418746898,1.21816153898254,1.72996175630914,1.87834461248161,1.94680580831729,1.77067656440524,-0.67552942424299,-0.711720364772862,-0.502717683212853,-0.908659399489579,-0.742482664223252,-0.766609957909833,-0.886040061658409,-0.594702990392944,-1.02356563567192,-0.899008482014947,-1.48349217157237,-0.886341652829492,-2.03781674402157,-1.14872597167106,-0.754244719895461,-0.903230758410098,0.340229639962071,0.053114845091757,-0.19569787105111,0.539581404047447,0.251260244492804,0.966634502299931,0.275387538179385,0.975983828603481,0.11614739984795,1.14095419918548,-0.140506686743056,1.24862224726185,-0.295524548679339,0.908125815109972,0.931649926454389,1.22932041231258,0.969952005181836,-0.728307879182386,1.75197791179814,-0.604052316696494,-0.919516681648541,-1.04286747062119,-0.851357076983949,-1.08629659925703,0.387579453821986,0.435834041195149,0.42407198552294,0.737123621106329,0.279911405745619
"42226",-0.538542042305844,-1.00750635991995,1.75136828917831,1.86923336013395,1.90722751241848,2.00124223960427,1.99708229592349,-1.24101786520149,-1.39549044054807,-0.846100545105399,-0.77593616168945,-1.8503109496475,-0.57320823964574,-0.382960148644392,-1.54996301589464,-0.713537006477638,-0.517464994323188,-0.543533974722789,-1.32255276134492,-0.549635225454611,-0.382405489486954,-0.554072498714117,-0.714923654371233,-0.0362981752454354,-0.223218311302153,0.0965426929610449,0.0718603604550391,0.00335995451140525,1.21223958814825,-0.443140667226451,1.0552710465932,-0.19437603511536,1.18367464154017,-0.435098109443595,1.3417525014101,-0.578200172062685,1.08494531151615,0.655916453237602,1.28018533493444,1.00562905200247,-0.578200172062685,1.80877551197317,-0.49333732097462,-0.335814120262134,-0.552963180399241,-0.598999890466622,-0.767616274327875,-0.0141118089479022,0.00197330661780945,0.0255463208089385,0.463172396027782,-0.106462558661384
"26036",-0.88037493284532,-1.04678128374421,1.44170683226944,1.51524259114286,1.4610416654215,1.51904616487769,1.59638549748593,-2.14094266146413,-1.06136164972773,-0.876571359110488,-0.661035514136691,-0.744714136302988,-0.851848129834082,-0.518718463558404,-1.29971893711052,-0.568164922111216,-0.777678442004863,-1.08037951840189,-0.6981203580513,-1.3577234365667,-0.482584513077503,-0.809057925317225,-0.814763285919472,0.183040890518047,-0.334879066374871,0.0347015148596105,0.324724012140529,-0.244227225694715,1.0404298032447,0.0553042059232823,1.40715770417805,0.156098909896323,1.48861757499903,-0.49304434084829,1.4968586514245,-0.192878980274487,1.39543001849566,0.816335917367528,1.48703275260952,1.43441664927768,-0.588767613174888,1.47974256961776,-0.584964039440056,-0.504138097574882,-0.772290045880518,-0.845508840276029,-0.935209787522477,0.0366033017270263,0.220759663388462,0.496518759163761,0.994786918426716,0.0844649378903255
"26031",-0.946654279662362,-1.30121562367398,1.37378904777467,1.6706184371546,1.75667172802071,1.78499306425512,1.69676120906329,-0.754123657376482,-0.764199517382957,-0.823565395258942,-0.973886333733915,-0.821386830933218,-0.81457881741533,-0.587463486458578,-0.69148993301191,-0.58855276862144,-0.84507871797547,-0.81212793254889,-0.879663426646342,-0.575209062126379,-0.799873508216691,-0.917515981805801,-1.11930550247601,-0.400651595527724,-0.22418788514406,-0.0357420709689134,0.248288252997385,0.285051525993981,1.15184780709151,0.0865298518123598,1.35717749479102,0.261631959492446,1.39775325535764,-0.26748685111783,1.43533348997638,-0.552334136706274,1.16818703953445,1.08376767191263,1.2743920504135,1.27847685852424,-0.849435846626918,1.50804307434743,-0.934127534789448,-0.941480189388767,-1.03978790458707,-1.26663091500311,-1.34914403883992,0.283962243831119,0.242297201101643,0.538037308318709,0.731929533308167,0.26135963895173
"42189",-0.916554842736195,-1.09835596866254,1.71642698102459,1.70597864045411,1.71762107708979,1.79314765321354,1.7623996795347,-0.713259987636297,-0.896255209627835,-0.748187297543328,-1.0144707200824,-2.03572137984268,-0.52011494909058,-0.720723088043783,-0.736843384923951,-0.616538206355289,-0.921331226996986,-0.305177657355005,-0.775352983026575,-0.78251755941776,-0.585193184643851,-0.861327899720804,-0.872373288323883,0.0724552232637469,-0.208157352057698,0.117532349724958,0.203805790435487,0.150668515534192,1.1590826425936,-0.0394912828485315,1.25311770772791,0.135443790702922,1.36387011777499,-0.234427465492045,1.47074171561018,-0.843117934726541,0.866827630636474,0.857274862114893,1.2558044238746,1.12027452047467,-0.87356738438908,1.58477788983655,-0.930286947485968,-0.668481385191386,-0.92909285142077,-0.998947471234832,-1.31180064031661,0.356351562764485,0.303512811879489,0.35366484661779,0.551586269424298,0.285302846885226
"12498",-0.972011170259679,-1.46708138291546,1.86995371740195,1.38903847866055,1.47609156823405,1.6215339252044,1.60773282563787,-1.1344394959273,-1.31385379029219,-0.911144782427803,-0.567178916308129,-0.851340017639506,-0.805336352417739,-1.01978420722075,-0.608936089355579,-0.762871430674569,-0.728191744584314,-0.991474259391966,-1.10400630201136,-0.917514520689278,-0.435537658904304,-0.892035567643377,-0.866910488945335,0.0864270041888227,-0.183932997576024,-0.27275545888882,0.00963627070325769,0.197189675068923,1.27402931560613,-0.0784784419138193,1.53341921258733,-0.0529994888679175,1.71991099390941,-0.577441272396062,1.2584588443003,-0.0898024210453311,1.15548140907312,1.11124711559065,1.30941675039211,1.26695182864894,-0.758624938500252,1.82501167522376,-0.535330225000752,-0.360870171505897,-0.679003210231809,-0.666263733708858,-1.26891174811401,0.208867528548295,0.196835800721064,0.14623176897712,0.623254389892058,-0.0126578132119062
"39486",-0.997505783518844,-1.03177592086673,1.85119938352423,1.99684746725275,1.91759777463576,2.05406635728896,2.06263389162593,-0.54036662996757,-0.441228018354041,-0.737419919717918,-0.681118979789247,-1.0935845614406,-0.967825396708621,-0.429294666956116,-1.18599153893222,-0.408487797852042,-1.43995773534959,-0.446429735630059,-0.372075776919912,-0.390740762439743,-0.659700143946818,-0.746293437424068,-0.914890273840903,0.0269265364876252,-0.299863701794008,0.00948548444450425,-0.0443675885307461,-0.0455915220074564,1.15600516875282,-0.477028072547815,0.90020307212038,-0.275996998998159,1.29828743542038,-0.556889731903158,1.53909634696312,-0.767406289897319,1.05992639083107,0.700395932047433,1.39864998051062,0.994751933196246,-0.86134318423483,1.98889189965414,-0.610130838140053,-0.579532501222298,-0.65572236014751,-0.840536315130756,-0.786989225524683,-0.256414063370795,-0.223061876130441,-0.0807796094628758,0.298945751686476,-0.407569847744509
"29586",-1.1643127362061,-1.24741000510821,1.3602128809916,1.5220741256322,1.39615372428975,1.56846585244258,1.57228934641047,-1.05649020631165,-1.00627498553339,-1.12480329853792,-1.03915703365722,-0.840080447729176,-0.782728038210851,-0.772022255100764,-1.10645052749206,-0.777884945851526,-1.3343307679782,-0.789355427755191,-1.43705530591546,-0.750100889684872,-0.795473018103812,-1.13423458365871,-0.928785507784183,0.18538063445846,0.167282763010455,0.104067662741369,0.61590605524268,0.457103605776387,1.25570404586932,0.42677055363114,1.25417464828216,0.376300433255014,1.33548761999925,0.113244048264301,1.27966460806808,-0.442437075068795,1.1195876606125,0.859335171198233,1.20344962830818,0.911334689161514,-0.801335708854574,1.42495737884784,-0.640494062605407,-0.689179885796518,-0.975941933388139,-1.05445100952878,-1.05980390108382,0.487691557519493,0.534847983123448,0.74615974974874,0.914138584737965,0.558808545322215
"19685",-1.04503678771742,-1.21722550146675,1.36630945309114,1.60962724695778,1.60681025368581,1.70364439740987,1.68286907202907,-0.21578439328048,-0.620022927808551,-0.925314573658584,-0.895384020143875,-0.05627214925503,-0.735871776118425,-0.444665096628255,-0.120710870351404,-0.482342381640889,-0.119654497874414,-0.890102157758926,-0.972851335123122,-0.411565425682577,-0.456989442193135,-1.03341669047053,-1.27919935345014,-0.0675401223429205,-0.480581760845906,-0.0407786862591806,-0.124936360259363,0.0472523534899638,1.43849490568544,-0.137612829983239,1.31630782251363,0.0708446721427346,1.33849164453041,-0.645375867256305,1.59026041821297,-0.24254582936422,1.5973029013929,1.24271387328335,1.55434375399532,1.4015218689908,-1.06123449903126,1.75751939373634,-0.848903631156326,-0.879538432989029,-1.15560377364235,-1.14539217303144,-1.23377533693959,-0.373888140669943,-0.102400414083582,-0.142894692368188,-0.162613645271997,-0.55628845503017
"39488",-1.05339400260136,-1.33510771341365,1.4125947830133,1.54059828472763,1.49846048602664,1.6823827017404,1.68874312418584,-0.923535377673773,-0.88484280779739,-0.971503563616412,-0.801892298404872,-1.06425972427897,-1.07327032274334,-0.759224464500094,-1.3064858124092,-0.640761596453909,-1.42494868045539,-0.783606083874253,-0.940496504194927,-0.694030134434408,-0.919030078441591,-0.760814570111452,-1.03934806970103,0.157206402846009,0.093072143187895,0.160386614068725,0.439450148862087,0.416658635099286,1.09324857273219,0.486623281999046,0.938213275624772,0.491393598833121,1.26365489074941,0.0602099605531591,1.31559834072045,-0.639966543648229,0.98088110952955,0.642983667115935,1.21621674001056,0.919927061094153,-1.02689224241206,1.62778907575044,-0.859401118015659,-0.886962948612535,-0.808517738452197,-0.998270341407608,-1.07035512912251,0.527966027894359,0.805704474678256,0.787418260147637,0.926022465937692,0.493513739648265
"30488",-0.893150242219517,-1.37633025050599,1.26901444658754,1.56284408215364,1.82067666077289,1.87569655269164,1.73375693790124,-0.361681499004355,-0.750917968429556,-1.30960399860453,-0.784573753379856,-1.60753086016457,-0.733943746454623,-0.609856330637867,-1.05967321297361,-0.821448787325401,-0.404409712941256,-0.86593295525971,-1.36637984452068,-0.303442358090358,-0.72487131746802,-0.877053997243287,-0.956657245125734,0.314068130997744,-0.123457073356148,-0.202182344239892,0.336895532964034,0.316116743994719,0.959673884044357,0.157788225228527,1.27369699058063,0.443423408806721,1.21253125967095,-0.132822161342319,1.29798768754476,-0.494256025808577,0.989525102000274,1.05010551491081,1.28803728155945,1.23887056963206,-1.01372575004146,1.62898501605596,-0.769648144401897,-0.922708801175867,-0.901052035207848,-1.05616130497879,-1.16561577081716,0.204906324158947,0.366746750919952,0.346260620950204,0.646528754506788,0.254951013085044
"25991",-1.21155877579373,-1.07468180214741,1.41303530523262,1.69787949772475,1.7034246203245,1.86744350985377,1.79710800740439,-0.756275025498936,-0.596633864337875,-0.513748873899592,-0.797717520718077,-0.82573498227468,-1.06942852810555,-0.788962063981639,-0.649750301872268,-0.849666564020945,-0.607140412421601,-1.10620144639859,-1.02127351605514,-0.293986909814987,-0.565989765760341,-0.938972222732617,-1.16953258345883,0.0696563933050878,-0.38562735698971,0.0118703788445943,0.0346345663593342,0.12948534767075,1.13869766082422,-0.103409801518511,1.308845370069,0.129777196228632,1.45943922593574,-0.268012388163554,1.56362916109936,-0.588753953275081,1.13286068966659,0.812702821670828,1.35612483644577,1.13344438678235,-0.788086518307995,1.54203236781615,-0.901323758765932,-0.913873246754827,-1.03265560981251,-1.29386006911625,-1.22177347531958,0.263443835738258,0.216748066477253,0.570760367187246,0.707345492275685,0.274242232379865
"42186",-0.750648458657996,-1.14944223574809,1.91092840731365,1.90397086322484,2.05577182516239,2.09087579761045,2.05166054910991,-1.08271306289638,-0.358495973652668,-0.581453636498439,-1.03812153032722,-1.3727161505979,-0.111503158500119,-0.739895890520753,-0.782589911065688,-0.610548820869802,-1.34456972223865,-0.338888349402402,-0.562162264252209,-0.627942681091813,-0.564692280284502,-0.879995528308947,-0.997957525814582,0.0700254918168633,-0.243063992179326,-0.270894168534543,0.360977335530493,-0.197207451594025,1.05040670433018,-0.594103716659901,1.01751649591038,-0.330665797297451,1.29581825946255,-0.415737586383285,1.40587395686727,-0.626045169067593,1.1041695450164,0.594687566513507,1.42548158111754,0.829979057516704,-0.639011501233092,1.82617287023185,-0.721237022282596,-0.496698099416643,-0.677594245725552,-0.678543001737661,-1.05962666660171,-0.0178925653052989,-0.120041962609106,-0.13806832683919,0.334412167191423,-0.207960019731268
"32331",-1.26653257652062,-1.16189585355045,1.54934962668377,1.80181830345878,1.58621452196508,1.84985437912836,1.7742627251677,-1.09412402586159,-0.786916565184037,-0.368742045982961,-0.889691424756162,-0.712069656582598,-0.702015594233151,-0.725475073048527,-0.325919187827909,-1.00698881883304,-0.216441620022819,-0.874424144892187,-0.645787319612169,-0.305066317769796,-0.660682226796535,-0.804418081125667,-0.904958704620137,-0.477847241108442,-0.403745077866221,0.0196426588493827,0.273600826342823,-0.156861991285355,1.42199817025744,-0.107708797576947,1.1311751074827,0.179018165722099,1.47748169951921,-0.651000537126697,1.41157173522839,-0.778351993553027,0.978502308842945,1.30172179474369,1.30395603082134,1.33821431734538,-1.05130116770653,1.87368623062334,-0.827877559941044,-0.889319052076553,-0.831228914057526,-1.3145686521902,-0.891925660833817,0.0296967211988297,0.0632102623636533,0.145132251877666,0.415474817273909,-0.0916967723537532
"18796",-0.76605110751727,-1.41998156333151,1.26454560300941,1.56438026880618,1.41110657770858,1.59822354731496,1.66479131826611,-1.00267436056211,-0.967712295986931,-0.819473142188151,-0.971907743735953,-0.868140336076807,-1.48710872731586,-0.838492505317051,-0.730809346425485,-0.703958480831744,-0.99232558944786,-0.858071261479154,-1.57241616487931,-0.690533048034873,-0.56047416781519,-1.02700795750644,-1.04994307186776,0.311339874431595,-0.148481198861223,-0.249171944837753,0.62040452527622,0.404478814459885,1.02652386738156,0.479437480909079,0.969186081478254,0.566423097572136,1.28915889647034,-0.156033004809463,1.1672112152321,-0.421464999064259,1.46900375664508,0.684734724094558,1.38901055289706,0.95324338003197,-0.917646619515268,1.51487398536772,-0.845484918232088,-0.775840485598322,-0.728851470809275,-1.10084783788923,-1.03120340525546,0.530342246930546,0.535097087712772,0.792417882986125,0.967787598895247,0.528384371314336
"12532",-0.824245756970697,-1.29317174401877,1.68025961546456,1.79481603109241,1.83919090637683,1.91314903185085,2.06389772164684,-1.92858219224028,-0.896630305306976,-0.404730092047826,-0.529042685929697,-0.705598040784709,-0.573732276641661,-0.755323078337457,-0.815748440426872,-0.971217861636098,-0.402212368627434,-0.66248202721049,-0.418892286287533,-0.673811782602255,-0.314721479768801,-0.780815027968929,-0.868305916827562,-0.0654668611499609,-0.494109273471753,-0.460120007296457,-0.150125311160653,-0.372629118437824,1.29819508642003,-0.167749375103399,1.07128526315717,-0.429907326251749,1.6837214851676,-0.707801048777552,1.28057102247728,-0.618421867353624,1.32589004404435,0.667505369611753,1.32998134460248,0.998271283965795,-0.743993322945691,1.83698789838399,-0.666888043196177,-0.359096355053215,-0.565864390952935,-0.660593734645196,-1.05556159621924,-0.0305334486920175,0.0689166264134792,0.0601045944421061,0.506056355279096,-0.050675236055156
"32330",-1.05117405407279,-1.25990110877753,1.06710936086898,1.81978121088942,1.63684013623167,1.73510562776212,1.80061595544908,-0.746969181356195,-0.942454786847613,-1.38883100901251,-0.718395527790604,-1.45643209183842,-1.10065525902783,-0.773800538972664,-0.951514725783044,-0.722577038068495,-0.787738906565635,-1.26443107824524,-0.736166946471642,-0.228113447707849,-0.630583811954887,-0.715956313461834,-0.719440905360077,-0.316622081923215,-0.164693875159831,0.00953571975230657,0.407476114531629,0.18341685547462,1.05630712598443,0.202930570104779,1.08000235089248,0.148222477302368,1.44239990830973,-0.43196207375505,1.53892310389105,-0.684594986377649,1.25980729284181,0.767434457620105,1.42462848962869,0.912045021397179,-0.99437520613143,1.64833928949587,-0.741742293508831,-0.741045375129182,-0.696791058021499,-1.14281882099657,-0.666475108506787,0.479955626015078,0.552086678308703,0.586584138101306,0.810991856348139,0.205718243623373
"25134",-1.15574195457595,-1.04177798718328,1.31347733893194,1.47682569219477,1.35083219491065,1.71266779138238,1.76173561067645,-0.87874620049654,-1.05285781734646,-0.550150094514336,-0.600800746688857,-1.06900271272708,-0.844873576854829,-0.257326011630387,-0.767631332288685,-0.608081777938944,-0.670445393428823,-1.76133381463757,-1.68282530376706,-0.725527977668615,-0.889826030659717,-0.934461917888513,-0.925281487181881,-0.48050544777437,-0.150959642063894,-0.0449098390734904,0.13553310929824,0.355230313105225,1.33468729953002,0.284952533213077,1.61389901964207,0.171938265548677,1.34006893132356,-0.354511950490249,1.55248510388046,-0.812583786093572,1.31379390550803,1.003242094363,1.45719856447714,0.868384732948339,-0.626759205928299,1.75825337833945,-0.704951150222716,-0.56439559043842,-0.502981674676814,-0.739140340440517,-0.864817271148547,0.176370197613948,0.249813643267003,0.432472557671369,0.57112871799912,0.0282170400034741
"26030",-1.17037116780784,-1.27648998782474,1.45048028323248,1.68003701852125,1.74490490256718,1.74616447313118,1.69168804623823,-0.659300411465366,-0.682287574258342,-0.546253953346481,-0.474458431198554,-0.611751622674414,-0.516654045092511,-0.352280086490679,-0.704644951769319,-0.564832619165462,-0.611751622674414,-1.03307797633198,-1.17037116780784,-0.350705623285681,-0.872167836781148,-0.93829529139108,-1.18643069249883,0.0964419269338631,-0.226637922731807,-0.123982921765912,0.085735577139874,0.0898291814728698,1.24485538865969,-0.285837739239747,1.46874405641046,0.00386349047995757,1.44008882607949,-0.343463092542688,1.46370577415447,-0.840048787399181,1.39442939313454,1.19699170722774,1.25965534278668,1.36986776713656,-0.93892507667308,1.41458252215852,-0.839419002117181,-0.92947829744309,-0.994031288848024,-1.3142771047447,-1.32057495756469,0.108092954650851,0.12856097631583,0.241922327075715,0.60908714648134,-0.0509278290539865
"39489",-1.07153385975864,-1.50351254764698,1.71769040391104,1.7038208540658,1.62840517678228,1.78125917403508,1.67550385646509,-0.672495352752749,-0.82043721776869,-0.882272294162071,-0.893830252366441,-1.36972918143139,-1.22294311223589,-0.636087784408982,-0.857711632977784,-0.640710967690731,-1.44225536916381,-0.727395654223508,-0.635798835453873,-0.423421353448568,-0.602569705616308,-0.66035949663816,-0.943818421600343,0.00133361056204269,-0.165678885491109,0.0744376962046852,0.340848632815422,0.199263644811885,1.29264649094532,-0.140829275351713,1.0328813803021,-0.0168701736098406,1.40967081776457,-0.335291922140244,1.3700848109146,-0.67220640379764,0.997051709868549,0.959488345704345,1.23832408738478,1.28860120557379,-0.833150971793497,1.76421118568363,-0.738953612427879,-0.71092556378228,-0.791542322257764,-0.914056679224089,-0.997851876205775,0.266010853442124,0.415975361143829,0.421465391290905,0.59512371331157,0.150142322443311
