NAME	GS<br> follow link to MSigDB	GS DETAILS	SIZE	ES	NES	NOM p-val	FDR q-val	FWER p-val	RANK AT MAX	LEADING EDGE	
HALLMARK_TNFA_SIGNALING_VIA_NFKB	HALLMARK_TNFA_SIGNALING_VIA_NFKB	Details ...	199	0.5892962	1.6176438	0.0	0.00254432	0.004	5249	tags=54%, list=20%, signal=67%	
HALLMARK_TGF_BETA_SIGNALING	HALLMARK_TGF_BETA_SIGNALING	Details ...	54	0.50922763	1.2749794	0.098434	0.593243	0.848	7713	tags=70%, list=29%, signal=99%	
HALLMARK_UV_RESPONSE_DN	HALLMARK_UV_RESPONSE_DN	Details ...	144	0.46533504	1.2681507	0.046153847	0.42772207	0.867	5416	tags=44%, list=21%, signal=55%	
HALLMARK_UV_RESPONSE_UP	HALLMARK_UV_RESPONSE_UP	Details ...	157	0.4567639	1.245722	0.039674465	0.42870453	0.945	6657	tags=51%, list=25%, signal=68%	
HALLMARK_HYPOXIA	HALLMARK_HYPOXIA	Details ...	200	0.45183343	1.238466	0.027383367	0.37231126	0.961	3751	tags=35%, list=14%, signal=41%	
HALLMARK_UNFOLDED_PROTEIN_RESPONSE	HALLMARK_UNFOLDED_PROTEIN_RESPONSE	Details ...	113	0.4608049	1.2324474	0.08939709	0.33439592	0.969	7024	tags=48%, list=27%, signal=65%	
HALLMARK_HEDGEHOG_SIGNALING	HALLMARK_HEDGEHOG_SIGNALING	Details ...	36	0.5233377	1.2271382	0.15494637	0.30598915	0.973	8164	tags=58%, list=31%, signal=85%	
HALLMARK_PI3K_AKT_MTOR_SIGNALING	HALLMARK_PI3K_AKT_MTOR_SIGNALING	Details ...	105	0.45417017	1.2015618	0.11697722	0.36198017	0.988	7712	tags=52%, list=29%, signal=74%	
HALLMARK_WNT_BETA_CATENIN_SIGNALING	HALLMARK_WNT_BETA_CATENIN_SIGNALING	Details ...	42	0.48030978	1.1571277	0.2363847	0.51530313	0.999	6712	tags=52%, list=26%, signal=70%	
HALLMARK_HEME_METABOLISM	HALLMARK_HEME_METABOLISM	Details ...	198	0.41733387	1.1452527	0.14012097	0.521063	0.999	7443	tags=43%, list=28%, signal=60%	
HALLMARK_IL6_JAK_STAT3_SIGNALING	HALLMARK_IL6_JAK_STAT3_SIGNALING	Details ...	87	0.42987382	1.124038	0.23248407	0.5797138	1.0	4865	tags=26%, list=19%, signal=32%	
HALLMARK_KRAS_SIGNALING_UP	HALLMARK_KRAS_SIGNALING_UP	Details ...	200	0.4073022	1.1112387	0.1809909	0.59342927	1.0	4617	tags=29%, list=18%, signal=35%	
HALLMARK_IL2_STAT5_SIGNALING	HALLMARK_IL2_STAT5_SIGNALING	Details ...	199	0.40072727	1.1016812	0.24064712	0.59630954	1.0	5991	tags=35%, list=23%, signal=45%	
HALLMARK_EPITHELIAL_MESENCHYMAL_TRANSITION	HALLMARK_EPITHELIAL_MESENCHYMAL_TRANSITION	Details ...	200	0.39158332	1.079944	0.2906504	0.6626434	1.0	5177	tags=34%, list=20%, signal=41%	
HALLMARK_MITOTIC_SPINDLE	HALLMARK_MITOTIC_SPINDLE	Details ...	199	0.39106044	1.0725524	0.2888889	0.6544637	1.0	5848	tags=42%, list=22%, signal=53%	
HALLMARK_INFLAMMATORY_RESPONSE	HALLMARK_INFLAMMATORY_RESPONSE	Details ...	200	0.38222224	1.0499427	0.3719758	0.72042406	1.0	6129	tags=33%, list=23%, signal=42%	
HALLMARK_MYOGENESIS	HALLMARK_MYOGENESIS	Details ...	200	0.38413543	1.0468935	0.37055838	0.6917039	1.0	3987	tags=25%, list=15%, signal=29%	
HALLMARK_APOPTOSIS	HALLMARK_APOPTOSIS	Details ...	159	0.3725777	1.0144861	0.46216768	0.79849476	1.0	6023	tags=38%, list=23%, signal=49%	
HALLMARK_MTORC1_SIGNALING	HALLMARK_MTORC1_SIGNALING	Details ...	200	0.3560816	0.9812212	0.570997	0.8960114	1.0	6100	tags=40%, list=23%, signal=51%	
HALLMARK_ANDROGEN_RESPONSE	HALLMARK_ANDROGEN_RESPONSE	Details ...	100	0.37136886	0.9731575	0.5792235	0.88267446	1.0	6628	tags=44%, list=25%, signal=59%	
HALLMARK_PROTEIN_SECRETION	HALLMARK_PROTEIN_SECRETION		96	0.3461585	0.92075664	0.6659664	1.0	1.0	8101	tags=48%, list=31%, signal=69%	
HALLMARK_REACTIVE_OXYGEN_SPECIES_PATHWAY	HALLMARK_REACTIVE_OXYGEN_SPECIES_PATHWAY		48	0.37228507	0.91489214	0.63502824	0.9955909	1.0	6669	tags=50%, list=25%, signal=67%	
HALLMARK_ALLOGRAFT_REJECTION	HALLMARK_ALLOGRAFT_REJECTION		200	0.33013707	0.9086761	0.7416751	0.9689171	1.0	6266	tags=23%, list=24%, signal=30%	
HALLMARK_APICAL_JUNCTION	HALLMARK_APICAL_JUNCTION		200	0.33217525	0.9052466	0.7562941	0.938594	1.0	5888	tags=32%, list=22%, signal=41%	
HALLMARK_NOTCH_SIGNALING	HALLMARK_NOTCH_SIGNALING		32	0.37976843	0.8742803	0.71530247	0.97716856	1.0	4527	tags=31%, list=17%, signal=38%	
HALLMARK_GLYCOLYSIS	HALLMARK_GLYCOLYSIS		200	0.31125125	0.85304666	0.8718466	0.9853442	1.0	5859	tags=34%, list=22%, signal=43%	
HALLMARK_ANGIOGENESIS	HALLMARK_ANGIOGENESIS		36	0.35265175	0.82995534	0.7382953	0.9893094	1.0	2022	tags=17%, list=8%, signal=18%	
HALLMARK_SPERMATOGENESIS	HALLMARK_SPERMATOGENESIS		135	0.29528323	0.79891545	0.90481067	0.99745303	1.0	7290	tags=26%, list=28%, signal=36%	
HALLMARK_MYC_TARGETS_V2	HALLMARK_MYC_TARGETS_V2		58	0.3154093	0.7874515	0.8642384	0.97722864	1.0	7390	tags=45%, list=28%, signal=62%	
HALLMARK_ESTROGEN_RESPONSE_EARLY	HALLMARK_ESTROGEN_RESPONSE_EARLY		200	0.28127825	0.77202374	0.94763345	0.95958495	1.0	6764	tags=38%, list=26%, signal=50%	
HALLMARK_COMPLEMENT	HALLMARK_COMPLEMENT		200	0.27687126	0.75913864	0.9616935	0.93985504	1.0	6431	tags=32%, list=24%, signal=41%	
