,P.Value,adj.P.Val,log2FC
WDR54,NA,NA,NA
TSPAN9,NA,NA,NA
POLA2,0.288988727,0.401668928,-0.06775
CLCA4,0.809035692,0.856961533,0.126375
CYP24A1,0.244317094,0.355454984,0.010375
RNASET2,0.264686624,0.377174464,-0.334875
KITLG,0.011948185,0.050695051,-0.492375
FNIP2,NA,NA,NA
MPC1,NA,NA,NA
RPL18,0.016458851,0.061234303,-0.74325
ATP2C2,0.211238812,0.320925069,-0.590125
NTHL1,0.250797033,0.362452798,-0.25225
OAT,0.558383096,0.651525431,-0.227125
WDR18,NA,NA,NA
MCM10,NA,NA,NA
COL17A1,0.458439683,0.563942121,-0.501375
YBX1,0.305898726,0.418670591,-0.242
ASPM,NA,NA,NA
PABPC1,NA,NA,NA
TESK2,0.000684978,0.010358624,-0.7395
TRIP13,0.192751845,0.300458594,-0.205625
ATP6AP1,0.126833263,0.224039712,-0.408625
SMC1A,0.575898059,0.666017521,-0.102625
HMMR,0.005915422,0.033714659,-0.61625
XRCC1,0.018450134,0.06539625,-0.34625
SCARB1,0.862970196,0.897795073,-0.09425
DHRS9,0.057598666,0.133372644,-0.641
LMAN1,0.022665264,0.074096691,-0.28125
SEMA3C,0.533630498,0.629683657,0.207375
WDR62,NA,NA,NA
REXO2,0.000444347,0.008465366,2.375625
FBLN1,0.012319751,0.051570155,-0.369875
EDN1,0.002581665,0.021083172,-0.507625
NDC80,NA,NA,NA
HAL,0.053301672,0.12695517,-0.46775
PIGS,NA,NA,NA
PSMC5,0.823275766,0.867548174,-0.1195
TFAP2C,0.29488097,0.407453815,-0.185
AURKA,0.020209199,0.069137281,-0.70075
TPX2,0.02511394,0.079121373,-0.51175
SLC15A1,0.033638017,0.094384853,-0.4965
BIRC5,0.580563982,0.670269706,-0.16675
KIF4A,0.351047122,0.463185237,-0.261125
NAT14,NA,NA,NA
TMEM101,NA,NA,NA
CCDC80,NA,NA,NA
PSME1,0.055644937,0.130366904,0.072
MYL6,0.02653673,0.08160327,-0.51475
CDC23,0.008109575,0.040462573,-0.561875
TECR,0.001048191,0.012946364,-0.495375
POLR2F,0.902128304,0.927749329,0.01975
TIMP3,0.011944838,0.050687328,-0.5975
AP1B1,0.098986511,0.189771772,-0.351875
MCM5,0.00535893,0.0319238,-0.409
SYNGR1,NA,NA,NA
ACO2,0.616366478,0.70033017,-0.171
CDKN3,0.159370564,0.261806738,-0.246
DAAM1,NA,NA,NA
HIF1A,0.009204449,0.043507977,-0.379625
PSME2,0.455908204,0.561452061,-0.3085
MYBL2,0.003819988,0.026185531,-0.40275
TM9SF4,NA,NA,NA
IDH3B,0.000602266,0.009782914,-0.369
GDPD3,NA,NA,NA
MT4,NA,NA,NA
COTL1,0.07521024,0.158522028,-0.257125
QPRT,0.219959554,0.330290795,0.16975
VPS35L,NA,NA,NA
CTSH,0.007647095,0.039107006,-0.597
CEMIP,NA,NA,NA
TGM5,0.071251711,0.152955332,-0.28925
NUCB1,0.005012597,0.030737446,-0.3995
OLFM2,NA,NA,NA
CNFN,NA,NA,NA
TMEM205,NA,NA,NA
WDR83OS,NA,NA,NA
DLX5,NA,NA,NA
GSDME,0.000420286,0.008338132,3.74575
CHCHD2,NA,NA,NA
PSMA2,0.204324338,0.313404917,-0.297625
MAP3K8,NA,NA,NA
DKK1,0.005952624,0.033832217,-0.5885
KRT23,NA,NA,NA
RUNDC3A,NA,NA,NA
MTMR4,0.825998022,0.869574976,-0.1545
DHX40,NA,NA,NA
BLMH,1.21E-05,0.001801129,-0.664625
HDAC5,0.179815763,0.285766839,-0.49475
INPP4B,0.483099043,0.585342226,-0.194625
GAB1,0.004283681,0.028005441,1.086
NCAPG,NA,NA,NA
CRYAB,0.001934987,0.018241388,-0.48125
COMMD9,NA,NA,NA
CD81,0.78270244,0.836055926,-0.221
FOXM1,0.084264508,0.170974824,-0.5135
COPZ1,0.061589327,0.138843275,-0.54875
C12ORF57,NA,NA,NA
COX6A1,0.002134199,0.019168533,-0.45025
PPARD,0.017985107,0.064457148,-0.406125
GMNN,NA,NA,NA
COX7A2,0.663344169,0.740655138,-0.07
KIF20A,0.000521813,0.009200957,-0.79325
RBP1,0.594138355,0.681675273,-0.0035
BCHE,0.033489202,0.094118403,-0.638
C3ORF14,NA,NA,NA
IL1A,NA,NA,NA
NCL,0.139474583,0.238724409,0.973875
PPP1R7,0.834769198,0.876169908,0.038125
RND3,0.000918833,0.012115285,-0.5915
ATP5PB,0.000678864,0.010336089,-0.589
NCF2,0.388672848,0.49910596,-0.15575
RGS2,0.450215887,0.556330803,0.132875
MYCL,NA,NA,NA
SIPA1L2,NA,NA,NA
CDC20,0.028584075,0.085476784,0.02075
ABCD3,0.000220163,0.006318553,-0.51775
STMN1,0.015452299,0.05891916,-0.55875
CENPF,0.336067629,0.44826696,-0.22925
NRP2,0.506098779,0.605695079,-0.183125
SGK1,0.004894298,0.030308687,-0.654875
ARG1,0.673071356,0.748646179,0.123625
C1ORF198,NA,NA,NA
LTBP2,0.019974636,0.068646014,0.433625
MSX2,NA,NA,NA
ARL4A,0.800444894,0.850003924,-0.09525
PFDN5,0.02710415,0.082750396,-0.503875
HJURP,NA,NA,NA
MCEE,NA,NA,NA
RPS10,NA,NA,NA
MT2A,NA,NA,NA
TNFSF9,0.000522941,0.009202038,-0.754
TGM3,0.034279019,0.095549395,-0.449625
MGME1,NA,NA,NA
ERGIC3,NA,NA,NA
DLGAP5,0.000444481,0.008465366,2.61275
BCL11B,NA,NA,NA
HAT1,0.972685518,0.979499685,-0.017375
CD68,0.049302826,0.1204636,-0.23525
MPDU1,0.0758756,0.159451202,-0.63425
SLC44A2,NA,NA,NA
RPS4Y1,0.003584422,0.02532895,3.02975
FAM155B,NA,NA,NA
TNNI2,NA,NA,NA
CHMP2A,0.533061867,0.629210455,-0.275625
TMEM160,NA,NA,NA
ACSS2,NA,NA,NA
COX4I1,0.007936706,0.039923998,-0.264
COX7B,0.090764675,0.179309914,-0.5695
GJA9,NA,NA,NA
COQ3,NA,NA,NA
PDZD2,0.060355812,0.137192959,-0.545375
CCNB1,NA,NA,NA
EMC7,NA,NA,NA
GRHL1,0.22311501,0.333853089,0.205
FST,0.138271442,0.237190848,-0.290375
TCN1,0.083528026,0.170031149,-0.39075
OASL,0.098389865,0.189064552,-0.417875
NT5E,0.370439601,0.481652711,0.091875
EHF,NA,NA,NA
OS9,0.008495249,0.041605419,-0.3525
MRPS9,NA,NA,NA
LMO7,0.140065122,0.239366412,-0.491375
GALNT5,0.009383758,0.044078042,-0.469
IL1F10,NA,NA,NA
DCTN3,0.089962708,0.178436874,0.52425
TUBB2A,0.253587169,0.365324393,-0.0805
DDX60,NA,NA,NA
SORL1,NA,NA,NA
THBS1,NA,NA,NA
IFI44,0.155752676,0.257726297,-0.21925
SLC44A5,NA,NA,NA
HADHB,0.000821121,0.011448929,-0.64525
KIF11,0.087346962,0.175099969,-0.436375
CEP55,NA,NA,NA
ZNF365,0.004121148,0.02735213,-0.374375
B4GALNT3,NA,NA,NA
GLIPR1,0.031944903,0.091513288,-0.43825
SNRPF,0.095310755,0.185090862,-0.31525
C12ORF10,NA,NA,NA
DIAPH3,NA,NA,NA
SERF2,0.019722058,0.068088057,-0.5145
SCAMP2,0.086430832,0.173926519,-0.389625
FANCI,NA,NA,NA
CBX4,0.654370256,0.732876522,-0.087625
MIEN1,NA,NA,NA
TMEM50B,0.017291624,0.063060778,-0.636875
PSMB6,0.811591807,0.858504832,-0.00325
KIF2C,0.942093819,0.957308193,-0.1075
SLC44A3,NA,NA,NA
UFC1,NA,NA,NA
TUFT1,NA,NA,NA
CGN,NA,NA,NA
CTSK,NA,NA,NA
RAB13,0.105426435,0.197734116,-0.337125
FLG,0.064361623,0.142942125,-0.428625
RHOB,0.024012011,0.076824999,-0.310375
DQX1,NA,NA,NA
FAHD2B,NA,NA,NA
ABCA12,0.328273836,0.44066675,-0.31825
PHLDB2,NA,NA,NA
CCNA2,NA,NA,NA
PLK2,NA,NA,NA
BTF3,0.23045298,0.341341386,-0.09325
CDCA5,NA,NA,NA
NCAPG2,NA,NA,NA
NDUFB11,NA,NA,NA
POLR2K,0.347247663,0.459450058,-0.537875
EIF3H,0.173199349,0.278018196,-0.3395
GPR107,NA,NA,NA
ADD3,0.64555984,0.725506481,0.01125
SYT8,NA,NA,NA
SSRP1,0.008376716,0.04131193,-0.395
SESN3,NA,NA,NA
VPS51,0.152751217,0.254248156,-0.166625
BTBD11,NA,NA,NA
NBAS,NA,NA,NA
HSPB8,NA,NA,NA
PFKM,0.00286412,0.022225548,-0.433875
SKA1,NA,NA,NA
TMEM237,NA,NA,NA
RAET1L,NA,NA,NA
PSD3,NA,NA,NA
BUB1B,0.003731112,0.02591332,-0.34975
SSBP3,0.018351501,0.065223333,-0.533125
CCNB2,0.035628058,0.09783878,0.492625
SLC35B2,NA,NA,NA
SPPL3,NA,NA,NA
XDH,0.027113362,0.082761739,-0.53475
TENT5B,NA,NA,NA
ADIPOR1,NA,NA,NA
LCE2B,0.014757156,0.05737838,-0.4575
LYPD5,NA,NA,NA
CALM3,NA,NA,NA
ZNF385A,0.114676148,0.209200085,-0.187
JMJD8,NA,NA,NA
GBP2,0.040406556,0.10582897,1.694375
C1ORF74,NA,NA,NA
SPATA18,NA,NA,NA
SPRR3,0.236684067,0.347886081,-0.151
SPRR2D,0.584352884,0.673333015,-0.14225
GPR155,NA,NA,NA
KIAA1143,NA,NA,NA
NSA2,0.748681559,0.809375587,-0.1575
ADGRF2,NA,NA,NA
CITED2,0.583932383,0.672983305,-0.367
MIOS,NA,NA,NA
DNAAF5,NA,NA,NA
AQP3,0.594547313,0.681979533,-0.0315
SKA3,NA,NA,NA
SERPINA12,NA,NA,NA
CKB,NA,NA,NA
NOLC1,NA,NA,NA
USP54,NA,NA,NA
WEE1,0.001304934,0.014623801,-0.521625
MCM7,0.090954543,0.17954821,-0.562125
SEC11C,NA,NA,NA
CDH16,0.490342748,0.591765317,0.2185
HSP90B1,NA,NA,NA
B2M,0.069632712,0.150609314,-0.214
SCNN1G,0.011116622,0.048614324,-0.623
NAV2,NA,NA,NA
CDT1,NA,NA,NA
EEF2,0.002978785,0.022706741,-0.52925
NXN,NA,NA,NA
KLK13,NA,NA,NA
KRT80,NA,NA,NA
CDK2AP2,0.02538263,0.079557317,-0.439
KRT24,NA,NA,NA
BSCL2,0.142329342,0.242152042,-0.113875
SAC3D1,0.003638437,0.025546222,-0.625875
PBK,NA,NA,NA
VASN,NA,NA,NA
FILIP1L,NA,NA,NA
SCNN1B,0.164641602,0.267999627,-0.24925
PHYHIP,0.091305289,0.179949674,1.228875
MN1,0.088741716,0.176772769,-0.46475
CKAP2L,NA,NA,NA
BUB1,0.00041994,0.008338132,-0.582875
MT1E,NA,NA,NA
PCDH7,0.090353416,0.17887662,-0.364875
ROBO1,0.318831002,0.43177876,-0.2855
SLC30A1,0.001064651,0.013020896,-0.709875
KRT4,0.002250576,0.019702089,-0.444625
NUDT9,NA,NA,NA
SHCBP1,NA,NA,NA
KRT15,0.002695742,0.021532866,-0.4735
KRT9,0.230218155,0.341054422,-0.117875
RRM2,NA,NA,NA
ID4,0.001060834,0.013000323,-0.559
OVOL1,0.002605157,0.021168704,-0.5365
CES4A,NA,NA,NA
HPSE,0.503282892,0.603238221,-0.16275
COQ2,0.873029724,0.905961372,-0.086875
COMMD1,NA,NA,NA
NWD2,NA,NA,NA
ZHX3,NA,NA,NA
GLIS1,NA,NA,NA
EXO1,0.002831713,0.022103206,-0.566875
MRPL11,NA,NA,NA
NDUFA11,NA,NA,NA
RAB1B,NA,NA,NA
UBE2C,0.044078319,0.111863388,-0.4015
CLTB,0.275402096,0.388068112,-0.09125
TOM1L2,NA,NA,NA
SLC35A4,NA,NA,NA
ZBTB8OS,NA,NA,NA
TYMS,0.00033538,0.007591204,-0.459375
FAM89B,0.357975622,0.469962846,-0.120375
PPFIA3,0.001009342,0.012661576,-0.32625
ZFAS1,NA,NA,NA
STX19,NA,NA,NA
GEMIN4,NA,NA,NA
NKPD1,NA,NA,NA
BACE2,0.199980194,0.308695195,-0.3175
NLRP10,NA,NA,NA
XKRX,NA,NA,NA
EPHB3,0.654014778,0.732603336,-0.2675
NAA38,NA,NA,NA
OVCH2,NA,NA,NA
TBL3,0.002970213,0.02266221,-0.68
CRELD2,NA,NA,NA
ZBTB7C,NA,NA,NA
UBALD2,NA,NA,NA
PSMD13,0.037191059,0.100506157,-0.249125
PMEL,0.045720007,0.114412968,-0.47225
IFIT1,0.009885749,0.045337183,-0.7005
LAMP1,0.000511362,0.009094687,-0.599875
SAPCD2,NA,NA,NA
THBS2,0.018644867,0.06578502,-0.532875
FAM183A,NA,NA,NA
NAP1L1,0.688385714,0.761102402,-0.095375
MT1X,0.375641526,0.486435413,-0.157125
CHP1,NA,NA,NA
ISG15,NA,NA,NA
TPRG1,NA,NA,NA
CLDN4,0.002219503,0.019595476,-0.484375
MAOA,0.095276628,0.185052668,-0.529625
ALG1L,NA,NA,NA
RASSF10,NA,NA,NA
SEMA4A,NA,NA,NA
IPO4,NA,NA,NA
NACA,0.264421065,0.376909271,-0.5905
PELI1,NA,NA,NA
MRPL21,NA,NA,NA
HHLA3,NA,NA,NA
SERPINB2,0.232994659,0.344047123,-0.18875
DPP4,0.424704279,0.532483975,-0.097125
PDCD1LG2,NA,NA,NA
CFD,0.09763293,0.187969005,-0.693625
AADACL2,NA,NA,NA
TMPRSS11F,NA,NA,NA
GET3,3.08E-05,0.002789769,-0.306
MT1F,NA,NA,NA
CTNND1,0.011602868,0.049823526,-0.294375
COPS8,NA,NA,NA
PRC1,0.009874916,0.045329387,-0.49225
RPL39,0.00730478,0.038089581,-0.68225
MFAP3L,NA,NA,NA
MFAP3L.1,NA,NA,NA
LOR,NA,NA,NA
LIPN,NA,NA,NA
MAFB,0.424200647,0.532033332,-0.034125
SMIM5,NA,NA,NA
SDHD,0.597212175,0.684209401,-0.195875
LY6G6C,NA,NA,NA
PSORS1C2,NA,NA,NA
CDSN,0.463244771,0.568379065,-0.350375
HLA-E,0.023869466,0.076525407,-0.595125
MT1H,NA,NA,NA
MT1M,NA,NA,NA
HLA-A,0.062576526,0.140357575,-0.525625
ERV3-1,0.003900638,0.026513956,-0.58325
NDUFS3,0.036269597,0.098950946,0.376375
ATF6B,0.003488717,0.024944624,-0.531875
LTB4R2,NA,NA,NA
FIS1,NA,NA,NA
RPTN,NA,NA,NA
VPS52,NA,NA,NA
TINCR,NA,NA,NA
SCAMP4,NA,NA,NA
RPL41,0.005412512,0.032087566,-0.577125
LNCAROD,NA,NA,NA
LNCAROD.1,NA,NA,NA
AL159166.1,NA,NA,NA
LINC01819,NA,NA,NA
UQCRHL,NA,NA,NA
ZSCAN31,NA,NA,NA
WAKMAR2,NA,NA,NA
EIF4EBP3,0.01479359,0.057459489,-0.65275
PSG4,0.202340269,0.311227368,-0.51675
PSG4.1,0.606323451,0.692233277,-0.12575
PSG4.2,0.606323451,0.692233277,-0.12575
PRAF2,0.000329866,0.007548728,-0.558625
ASPRV1,NA,NA,NA
H2AFJ,NA,NA,NA
AC093866.1,NA,NA,NA
LINC02159,NA,NA,NA
SLC22A18AS,0.018505984,0.065503806,0.428625
SNHG9,NA,NA,NA
CARD17,NA,NA,NA
HCAR3,0.011278133,0.049004242,-0.45125
AL732437.1,NA,NA,NA
C17ORF49,NA,NA,NA
LINC00520,NA,NA,NA
GJA5,0.904863132,0.929648993,0.0685
RASSF5,NA,NA,NA
LIVAR,NA,NA,NA
SNHG25,NA,NA,NA
AC115522.1,NA,NA,NA
MMP28,NA,NA,NA
AC103718.1,NA,NA,NA
