HALLMARK_OXIDATIVE_PHOSPHORYLATION,HALLMARK_E2F_TARGETS,HALLMARK_INTERFERON_ALPHA_RESPONSE,HALLMARK_BILE_ACID_METABOLISM,HALLMARK_KRAS_SIGNALING_DN,HALLMARK_ADIPOGENESIS,HALLMARK_FATTY_ACID_METABOLISM,HALLMARK_XENOBIOTIC_METABOLISM,HALLMARK_MYC_TARGETS_V1,HALLMARK_PEROXISOME,HALLMARK_INTERFERON_GAMMA_RESPONSE,HALLMARK_ESTROGEN_RESPONSE_LATE,HALLMARK_P53_PATHWAY,HALLMARK_PANCREAS_BETA_CELLS,HALLMARK_COAGULATION,HALLMARK_G2M_CHECKPOINT,HALLMARK_DNA_REPAIR,HALLMARK_APICAL_SURFACE,HALLMARK_CHOLESTEROL_HOMEOSTASIS,HALLMARK_COMPLEMENT,HALLMARK_ESTROGEN_RESPONSE_EARLY,HALLMARK_MYC_TARGETS_V2,HALLMARK_SPERMATOGENESIS,HALLMARK_ANGIOGENESIS,HALLMARK_GLYCOLYSIS,HALLMARK_NOTCH_SIGNALING,HALLMARK_APICAL_JUNCTION,HALLMARK_ALLOGRAFT_REJECTION,HALLMARK_REACTIVE_OXYGEN_SPECIES_PATHWAY,HALLMARK_PROTEIN_SECRETION,HALLMARK_ANDROGEN_RESPONSE,HALLMARK_MTORC1_SIGNALING,HALLMARK_APOPTOSIS,HALLMARK_MYOGENESIS,HALLMARK_INFLAMMATORY_RESPONSE,HALLMARK_MITOTIC_SPINDLE,HALLMARK_EPITHELIAL_MESENCHYMAL_TRANSITION,HALLMARK_IL2_STAT5_SIGNALING,HALLMARK_KRAS_SIGNALING_UP,HALLMARK_IL6_JAK_STAT3_SIGNALING,HALLMARK_HEME_METABOLISM,HALLMARK_WNT_BETA_CATENIN_SIGNALING,HALLMARK_PI3K_AKT_MTOR_SIGNALING,HALLMARK_HEDGEHOG_SIGNALING,HALLMARK_UNFOLDED_PROTEIN_RESPONSE,HALLMARK_HYPOXIA,HALLMARK_UV_RESPONSE_UP,HALLMARK_UV_RESPONSE_DN,HALLMARK_TGF_BETA_SIGNALING,HALLMARK_TNFA_SIGNALING_VIA_NFKB
ABCB7,AK2,ADAR,ABCA1,ABCB11,ABCA1,AADAT,ABCC2,ABCE1,ABCB1,ADAR,ABCA3,ABAT,ABCC8,A2M,ABL1,AAAS,ADAM10,ABCA2,ACTN2,ABAT,AIMP2,ACE,APOH,ABCB6,APH1A,ACTA1,AARS1,ABCC1,ABCA1,ABCC4,ABCF2,ADD1,ABLIM1,ABCA1,ABI1,ABI3BP,ABCB1,ABCB1,A2M,ABCB6,ADAM17,ACACA,ACHE,ALDH18A1,ACKR3,ABCB1,ABCC1,ACVR1,ABCA1
ACAA1,ANP32E,B2M,ABCA2,ABCG4,ABCB8,ACAA1,ABCC3,ACP1,ABCB4,APOL6,ABHD2,ABCC5,AKT3,ACOX2,AMD1,ADA,ADIPOR2,ACAT2,ADAM9,ABCA3,BYSL,ACRBP,APP,ADORA2B,ARRB1,ACTB,ABCE1,ATOX1,ADAM10,ABHD2,ACACA,AIFM3,ACHE,ABI1,ABL1,ACTA2,ADAM19,ACE,ACVR1B,ABCG2,AXIN1,ACTR2,ADGRG1,ARFGAP1,ADM,ACAA1,ACVR2A,APC,ACKR3
ACAA2,ASF1A,BATF2,ABCA3,ACTC1,ACAA2,ACAA2,ABCD2,AIMP2,ABCB9,ARID5B,ACOX2,ABHD4,CHGA,ADAM9,ARID4A,ADCY6,AFAP1L2,ACSS2,ADRA2B,ABHD2,CBX3,ACRV1,CCND2,AGL,CCND1,ACTC1,ABI1,CAT,ANP32E,ACSL3,ACLY,ANKH,ACSL1,ACVR1B,ABR,ADAM12,AGER,ADAM17,ACVRL1,ACKR1,AXIN2,ACTR3,AMOT,ASNS,ADORA2B,AGO2,ADD3,ARID4B,AREG
ACADM,ASF1B,BST2,ABCA4,ADRA2C,ACADL,ACADL,ABHD6,AP3S1,ABCC5,ARL4A,ADD3,ACVR1B,DCX,ANG,ATF5,ADRM1,AKAP7,ACTG1,AKAP10,ABLIM1,CDK4,ACTL7B,COL3A1,AGRN,CUL1,ACTG1,ACHE,CDKN2D,AP1G1,ACTN1,ACSL3,ANXA1,ACTA1,ACVR2A,ACTN4,ANPEP,AHCY,ADAM8,BAK1,ACP5,CCND2,ADCY2,CDK5R1,ATF3,AK4,ALAS1,ADGRL2,BCAR3,ATF3
ACADSB,ATAD2,C1S,ABCA5,AKR1B10,ACADM,ACADM,ACO2,APEX1,ABCC8,AUTS2,AFF1,ADA,DPP4,ANXA1,ATRX,AGO4,APP,ADH4,ANG,ADCY1,DCTPP1,ADAD1,COL5A2,AK3,DLL1,ACTG2,ACVR2A,EGLN2,AP2B1,ADAMTS1,ACTR2,APP,ACTC1,ADGRE1,AKAP13,APLP1,AHNAK,ADAMDEC1,CBL,ACSL6,CSNK1E,AKT1,CDK6,ATF4,AKAP12,ALDOA,ADORA2B,BMP2,ATP2B1
ACADVL,AURKA,CASP1,ABCA6,ALOX12B,ACADS,ACADS,ACOX1,BUB3,ABCD1,B2M,AGR2,AEN,ELP4,APOA1,AURKA,AK1,ATP6V0A4,ALCAM,ANXA5,ADCY9,DDX18,ADAM2,CXCL6,AK4,DTX1,ACTN1,AKT1,ERCC2,AP2M1,ADRM1,ACTR3,ATF3,ACTN2,ADM,ALMS1,AREG,AHR,ADGRA2,CCL7,ADD1,CTNNB1,AKT1S1,CELSR1,ATF6,ALDOA,AMD1,AGGF1,BMPR1A,B4GALT1
ACAT1,AURKB,CASP8,ABCA8,AMBN,ACLY,ACADVL,ACOX2,C1QBP,ABCD2,BANK1,ALDH3A2,AK1,FOXA2,APOC1,AURKB,AK3,ATP8B1,ALDOC,APOA4,ADD3,DUSP2,ADCYAP1,FGFR1,AKR1A1,DTX2,ACTN2,APBB1,FES,AP2S1,AKAP12,ADD3,AVPR1A,ACTN3,ADORA2B,ALS2,BASP1,ALCAM,ADGRL4,CCR1,ADD2,CUL1,AP2M1,CNTFR,ATP6V0D1,ALDOB,AP2S1,AKT3,BMPR2,B4GALT5
ACO2,BARD1,CCRL2,ABCA9,ARHGDIG,ACO2,ACAT2,ACOX3,CAD,ABCD3,BATF2,ALDH3B1,ALOX15B,FOXO1,APOC2,BARD1,ALYREF,B4GALT1,ANTXR2,APOBEC3F,AFF1,EXOSC5,AGFG1,FSTL1,ALDH7A1,DTX4,ACTN3,B2M,FTL,AP3B1,AKT1,ADIPOR2,BAX,ADAM12,ADRM1,ANLN,BDNF,AMACR,AKAP12,CD14,ADIPOR1,DKK1,ARF1,CRMP1,BAG3,ALDOC,APOM,AMPH,CDH1,BCL2A1
AFG3L2,BIRC5,CD47,ABCD1,ARPP21,ACOX1,ACO2,ACP1,CANX,ACAA1,BPGM,AMFR,ANKRA2,G6PC2,APOC3,BCL3,APRT,BRCA1,ANXA13,APOBEC3G,AKAP1,FARSA,AKAP4,ITGAV,ALDH9A1,FBXW11,ACTN4,BCAT1,G6PD,AP3S1,ALDH1A3,AK4,BCAP31,ADCY9,AHR,APC,BGN,ANXA4,AKT2,CD36,AGPAT4,DKK4,ARHGDIA,DPYSL2,BANF1,AMPD3,AQP3,ANXA2,CDK9,BCL3
AIFM1,BRCA1,CD74,ABCD2,ASB7,ADCY6,ACOT2,ACP2,CBX3,ACOT8,BST2,ANXA9,APAF1,GCG,ARF4,BIRC5,ARL6IP1,CD160,ANXA5,APOC1,ALDH3B1,GNL3,ALOX15,JAG1,ALDOA,FZD1,ADAM15,BCL10,GCLC,ARCN1,ANKH,ALDOA,BCL10,AEBP1,APLNR,ARAP3,BMP1,APLP1,ALDH1A2,CD38,AHSP,DLL1,ARPC3,ETS2,CALR,ANGPTL4,ARRB2,ANXA4,CDKN1C,BCL6
ALAS1,BRCA2,CMPK2,ABCD3,ATP4A,ADIG,ACOT8,ACSM1,CCNA2,ACOX1,BTG1,AREG,APP,GCK,BMP1,BRCA2,BCAM,CROCC,ATF3,ATOX1,AMFR,GRWD1,ARL4A,JAG2,ALDOB,FZD5,ADAM23,BCL3,GCLM,ARF1,APPBP2,ARPC5L,BCL2L1,AGL,AQP9,ARF6,CADM1,ARL4A,ALDH1A3,CD44,ALAD,DVL2,ATF1,GLI1,CCL2,ANKZF1,ASNS,APBB2,CTNNB1,BHLHE40
ALDH6A1,BRMS1L,CMTR1,ABCG4,ATP6V1B1,ADIPOQ,ACOX1,ADH1C,CCT2,ACSL1,C1R,ARL3,ATF3,HNF1A,C1QA,BUB1,BCAP31,CRYBG1,ATF5,BRPF3,ANXA9,HK2,ART3,KCNJ8,ALG1,FZD7,ADAM9,BRCA1,GLRX,ARFGAP3,ARID5B,ASNS,BCL2L10,AGRN,ATP2A2,ARFGEF1,CALD1,BATF,AMMECR1,CD9,ALAS2,FRAT1,CAB39,HEY1,CEBPB,ANXA2,ATF3,ARHGEF9,ENG,BIRC2
ATP1B1,BUB1B,CNP,ABCG8,BARD1,ADIPOR2,ACSL1,ADH5,CCT3,ACSL4,C1S,ASCL1,BAIAP2,IAPP,C1R,BUB3,BOLA2,CX3CL1,ATXN2,C1QA,AQP3,HSPD1,AURKA,LPL,ANG,HES1,ADAMTS5,C2,GLRX2,ARFGEF1,AZGP1,ATP2A2,BCL2L11,AK1,ATP2B1,ARFIP2,CALU,BATF3,ANGPTL4,CNTFR,ALDH1L1,FZD1,CAB39L,HEY2,CEBPG,ATF3,ATP6V1C1,ATP2B1,FKBP1A,BIRC3
ATP5F1A,CBX5,CSF1,ACSL1,BMPR1B,AGPAT3,ACSL4,ADH7,CCT4,ACSL5,CASP1,ASS1,BAK1,INS,C1S,CASP8AP2,BRF2,DCBLD2,AVPR1A,C1QC,AR,HSPE1,BRAF,LRPAP1,ANGPTL4,HEYL,ADRA1B,CAPG,GPX3,ARFGEF2,B2M,ATP5MC1,BCL2L2,AKT2,ATP2C1,ARHGAP10,CAP2,BCL2,ANKH,CRLF2,ALDH6A1,FZD8,CALR,L1CAM,CHAC1,ATP7A,ATP6V1F,ATP2B4,FNTA,BMP2
ATP5F1B,CCNB2,CXCL10,ACSL5,BRDT,AIFM1,ACSL5,AHCY,CCT5,ALB,CASP3,ATP2B4,BAX,INSM1,C2,CBX1,CANT1,EFNA5,CBS,C1R,AREG,IMP4,BUB1,LUM,ANKZF1,JAG1,AKT2,CARTPT,GPX4,ARFIP1,B4GALT1,ATP6V1D,BGN,ANKRD2,AXL,ARHGAP27,CAPG,BCL2L1,ANO1,CSF1,ANK1,GNAI1,CAMK4,LDB1,CKS1B,B3GALT6,BAK1,ATP2C1,FURIN,BTG1
ATP5F1C,CCNE1,CXCL11,AGXT,BTG2,AK2,ACSM3,AKR1C2,CCT7,ALDH1A1,CASP4,BAG1,BLCAP,ISL1,C3,CCNA2,CCNO,EPHB4,CD9,C1S,ARL3,IPO4,CAMK4,MSX1,ARPP19,KAT2A,AKT3,CCL11,GSR,ATP1A1,BMPR1B,AURKA,BID,APLNR,BDKRB1,ARHGAP29,CCN1,BHLHE40,ANXA10,CSF2,AQP3,HDAC11,CDK1,MYH9,CNOT2,B4GALNT2,BCL2L11,ATRN,HDAC1,BTG2
ATP5F1D,CCP110,DDX60,AKR1D1,C5,ALDH2,ACSS1,AKR1C3,CDC20,ALDH9A1,CASP7,BATF,BMP2,LMO2,C8A,CCNB2,CDA,FLOT2,CHKA,C2,ASB13,LAS1L,CCNA1,NRP1,ARTN,LFNG,ALOX15B,CCL13,HHEX,ATP6V1B1,CAMKK2,BCAT1,BIK,APOD,BEST1,ARHGAP4,CCN2,BMP2,APOD,CSF2RA,ARHGEF12,HDAC2,CDK2,NF1,CNOT4,BCAN,BID,ATRX,HIPK2,BTG3
ATP5F1E,CDC20,DHX58,ALDH1A1,CACNA1F,ALDOA,ADH1C,ALAS1,CDC45,ATXN1,CASP8,BCL2,BTG1,MAFB,C8B,CCND1,CETN2,GAS1,CLU,C3,B4GALT1,MAP3K6,CCNB2,OLR1,AURKA,MAML2,AMH,CCL19,HMOX2,ATP6V1H,CCND1,BHLHE40,BIRC3,APP,BST2,ARHGAP5,CD44,BMPR2,ARG1,CSF2RB,ARL2BP,HDAC5,CDK4,NKX6-1,CNOT6,BCL2,BMP2,ATXN1,ID1,CCL2
ATP5MC1,CDC25A,EIF2AK2,ALDH8A1,CACNG1,ANGPT1,ADH7,ALDH2,CDK2,BCL10,CCL2,BLVRB,BTG2,NEUROD1,C8G,CCNF,CLP1,GATA3,CPEB2,C4BPB,BAG1,MCM4,CCT6B,PDGFA,B3GALT6,NOTCH1,AMIGO1,CCL2,IPCEF1,ATP7A,CCND3,BTG2,BMF,ATP2A1,BTG2,ARHGDIA,CD59,CA2,ATG10,CSF3R,ASNS,HEY1,CDKN1A,NRCAM,CXXC1,BGN,BSG,BCKDHB,ID2,CCL20
ATP5MC2,CDC25B,ELF1,ALDH9A1,CALCB,ANGPTL4,ADIPOR2,ALDH3A1,CDK4,CACNA1B,CCL5,BTG3,CASP1,NEUROG3,C9,CCNT1,CMPK2,GHRL,CTNNB1,C9,BCL11B,MCM5,CDK1,PF4,B3GAT1,NOTCH2,AMIGO2,CCL22,JUNB,BET1,CDC14B,BUB1,BMP2,ATP6AP1,C3AR1,ARHGEF11,CDH11,CAPG,AVL9,CXCL1,ATG4A,HEY2,CDKN1B,NRP1,DCP1A,BHLHE40,BTG1,BDNF,ID3,CCL4
ATP5MC3,CDCA3,EPSTI1,AMACR,CALML5,APLP2,ADSL,ALDH9A1,CLNS1A,CADM1,CCL7,CA12,CCND2,NKX2-2,CAPN2,CDC20,COX17,GSTM3,CXCL16,CA2,BCL2,MPHOSPH10,CDKN3,PGLYRP1,B3GAT3,NOTCH3,ARHGEF6,CCL4,LAMTOR5,BNIP3,CDK6,CACYBP,BNIP3L,BAG1,C5AR1,ARHGEF12,CDH2,CAPN3,BIRC3,CXCL10,ATP6V0A1,JAG1,CFL1,NRP2,DCP2,BNIP3L,BTG2,BHLHE40,IFNGR2,CCL5
ATP5ME,CDCA8,GBP2,APOA1,CAMK1D,APOE,ALAD,ANGPTL3,CNBP,CAT,CD274,CA2,CCND3,NKX6-1,CAPN5,CDC25A,CSTF3,HSPB1,CYP51A1,CALM1,BHLHE40,MRTO4,CFTR,POSTN,B3GNT3,PPARD,ARPC2,CCL5,LSP1,CAV2,CENPN,CALR,BRCA1,BDKRB2,CALCRL,ARHGEF2,CDH6,CASP3,BMP2,CXCL11,BACH1,JAG2,CLTC,OPHN1,DCTN1,BRS3,BTG3,BMPR1A,JUNB,CCN1
ATP5MF,CDK1,GBP4,AQP9,CAPN9,ARAF,ALDH1A1,AOX1,COPS5,CDK7,CD38,CACNA2D2,CCNG1,PAK3,CASP9,CDC25B,DAD1,IL2RB,DHCR7,CALM3,BLVRB,MYBBP1A,CHFR,PRG2,B4GALT1,PRKCA,ATP1A3,CCL7,MBP,CD63,DBI,CANX,BTG2,BHLHE40,CCL17,ARHGEF3,COL11A1,CCND2,BPGM,CXCL13,BCAM,KAT2A,CSNK2B,PLG,DDIT4,BTG1,C4BPB,CACNA1A,KLF10,CCND1
ATP5MG,CDK4,GMPR,AR,CCDC106,ARL4A,ALDH3A1,AP4B1,COX5A,CEL,CD40,CALCR,CCNK,PAX4,CD9,CDC27,DCTN4,IL2RG,EBP,CASP1,CA12,MYC,CHRM4,PTK2,B4GALT2,PSEN2,B4GALT1,CCND2,MGST1,CLCN3,DHCR24,CCNF,BTG3,BIN1,CCL2,ARHGEF7,COL12A1,CCND3,BTBD3,CXCL3,BLVRA,LEF1,CXCR4,PML,DDX10,CA12,CA2,CAP2,LEFTY2,CCNL1
ATP5PB,CDKN1A,HELZ2,ATXN1,CCNA1,ATL2,ALDH3A2,APOE,CSTF2,CLN6,CD69,CAV1,CCP110,PAX6,CFB,CDC45,DDB1,LYN,ECH1,CASP10,CALB2,NDUFAF4,CLGN,S100A4,B4GALT4,PSENEN,BAIAP2,CCND3,MPO,CLN5,DNAJB9,CCNG1,CASP1,CACNA1H,CCL20,ARL8A,COL16A1,CCNE1,BTC,CXCL9,BLVRB,MAML1,DAPP1,PTCH1,DKC1,CASP6,CASP3,CAV1,LTBP2,CCRL2
ATP5PD,CDKN1B,HERC6,BBOX1,CCR8,ATP1B3,ALDH9A1,AQP9,CTPS1,CLN8,CD74,CCN5,CD81,PCSK1,CFD,CDC6,DDB2,LYPD3,ERRFI1,CASP3,CALCR,NIP7,CLPB,SERPINA5,B4GALT7,RBX1,BMP1,CCR1,MSRA,CLTA,ELK4,CCT6A,CASP2,CACNG1,CCL22,ATG4B,COL1A1,CCR4,C3AR1,DNTT,BMP2K,MYC,DDIT3,RASA1,DNAJA4,CAV1,CCK,CCN1,MAP3K7,CD44
ATP5PF,CDKN2A,HLA-C,BCAR3,CD207,ATP5PO,ALDOA,ARG1,CUL1,CNBP,CD86,CCNA1,CD82,PCSK2,CFH,CDC7,DGCR8,MAL,ETHE1,CASP4,CANT1,NOC4L,CLVS1,SLCO2A1,BIK,SAP30,CADM2,CCR2,NDUFA6,CLTC,ELL2,CD9,CASP3,CAMK2B,CCL24,AURKA,COL1A2,CD44,CA2,EBI3,BNIP3L,NCOR2,DUSP3,RTN1,DNAJB9,CAVIN1,CCND3,CDC42BPA,NCOR2,CD69
ATP5PO,CDKN2C,IFI27,BMP6,CD40LG,BAZ2A,AOC3,ARG2,CYC1,CRABP1,CDKN1A,CCND1,CDH13,PDX1,CFI,CDK1,DGUOK,MDGA1,FABP5,CASP5,CBFA2T3,NOLC1,CNIH2,SPP1,BPNT1,SKP1,CADM3,CCR5,NDUFB4,COG2,ELOVL5,CDC25A,CASP4,CASQ1,CCL5,BCAR1,COL3A1,CD48,CAB39L,FAS,BPGM,NCSTN,E2F1,SCG2,DNAJC3,CAVIN3,CCNE1,CDK13,NOG,CD80
ATP6AP1,CDKN3,IFI30,CAT,CD80,BCKDHA,APEX1,ARPP19,DDX18,CRABP2,CFB,CD44,CDK5R1,PKLR,CLU,CDK4,DUT,NCOA6,FADS2,CASP7,CCN5,NOP16,COIL,STC1,CACNA1H,ST3GAL6,CALB2,CD1D,NDUFS2,COPB1,FADS1,CDKN1A,CASP6,CASQ2,CCL7,BCL2L11,COL4A1,CD79B,CBL,GRB2,BSG,NKD1,ECSIT,SHH,EDC4,CCN1,CDC34,CDKN1B,PMEPA1,CD83
ATP6V0B,CENPE,IFI35,CH25H,CDH16,BCL2L13,AQP7,ASL,DDX21,CRAT,CFH,CD9,CDKN1A,SCGN,COMP,CDKN1B,EDF1,NTNG1,FASN,CASP9,CCND1,NOP2,CRISP2,THBD,CAPN5,TCF7L2,CAP1,CD2,NQO1,COPB2,FKBP5,CFP,CASP7,CAV3,CCR7,BCR,COL4A2,CD81,CBR4,HAX1,BTG2,NOTCH1,EGFR,SLIT1,EDEM1,CCN2,CDC5L,CDON,PPM1A,CDKN1A
ATP6V0C,CENPM,IFI44,CROT,CDKAL1,BCL6,AUH,ATOH8,DEK,CTBP1,CIITA,CDC20,CDKN2A,SEC11A,CPB2,CDKN2C,EIF1B,PCSK9,FBXO6,CBLB,CD44,NOP56,CSNK2A2,TIMP1,CASP6,WNT2,CD209,CD247,OXSR1,COPE,GNAI3,COPS5,CASP8,CD36,CCRL2,BIN1,COL5A1,CD83,CBX8,HMOX1,BTRC,NOTCH4,EIF4E,THY1,EEF2,CCN5,CDK2,CELF2,PPP1CA,CEBPB
ATP6V0E1,CHEK1,IFI44L,CYP27A1,CELSR2,C3,BCKDHB,ATP2A2,DHX15,CTPS1,CMKLR1,CDC6,CDKN2AIP,SLC2A2,CPN1,CDKN3,ELL,PKHD1,FDFT1,CCL5,CELSR1,NPM1,CST8,TNFRSF21,CD44,WNT5A,CD274,CD28,PDLIM1,CTSC,GPD1L,CORO1A,CASP9,CDH13,CD14,BIRC5,COL5A2,CD86,CCL20,IFNAR1,C3,NUMB,FASLG,TLE1,EIF2AK3,CCNG2,CDKN1C,CITED2,PPP1R15A,CEBPD
ATP6V1C1,CHEK2,IFIH1,CYP39A1,CHRNG,CAT,BLVRA,BCAR1,DUT,DHCR24,CMPK2,CDH1,CDKN2B,SPCS1,CPQ,CENPA,ELOA,PLAUR,FDPS,CD36,CELSR2,PA2G4,DBF4,VAV2,CDK1,,CD276,CD3D,PFKP,DNM1L,GSR,CTH,CAV1,CDKN1A,CD40,BRCA2,COL5A3,CDC42SE2,CCND2,IFNGR1,CA1,PPARD,FGF17,TLE3,EIF2S1,CDKN1A,CDKN2B,COL11A1,RAB31,CFLAR
ATP6V1D,CIT,IFIT2,CYP46A1,CHST2,CAVIN1,BMPR1B,BCAT1,EEF1B2,DHRS3,CMTR1,CELSR2,CEBPA,SRP14,CRIP2,CENPE,ERCC1,RHCG,GLDC,CD40LG,CHPT1,PES1,DCC,VCAN,CENPA,,CD34,CD3E,PRDX1,DOP1A,GUCY1A1,CTSC,CCNA1,CFD,CD48,BUB1,COL6A2,CDC6,CCSER2,IFNGR2,CA2,PSEN2,FGF22,UNC5C,EIF4A1,CDKN1B,CDO1,COL1A1,RHOA,CLCF1
ATP6V1E1,CKS1B,IFIT3,CYP7A1,CKM,CAVIN2,BPHL,BLVRB,EIF1AX,DIO1,CSF2RB,CHPT1,CGRRF1,SRP9,CSRP1,CENPF,ERCC2,RTN4RL1,GNAI1,CD46,CISH,PHB1,DDX25,VEGFA,CHPF,,CD86,CD3G,PRDX2,DST,H1-0,CXCR4,CCND1,CHRNA1,CD55,CAPZB,COL6A3,CDCP1,CD37,IL10RB,CAST,PTCH1,FGF6,VEGFA,EIF4A2,CDKN1C,CEBPG,COL1A2,SERPINE1,CSF1
ATP6V1F,CKS2,IFITM1,CYP7B1,CLDN16,CCNG2,CA2,BPHL,EIF2S1,DLG4,CXCL10,CHST8,CLCA2,SRPRB,CTSB,CHAF1A,ERCC3,SCUBE1,GPX8,CD55,CLDN7,PLK1,DDX4,VTN,CHPF2,,CD99,CD4,PRDX4,EGFR,HERC3,CYB5B,CCND2,CHRNB1,CD69,CCDC88A,COL7A1,CDKN1C,CDADC1,IL12RB1,CAT,RBPJ,GNA14,VLDLR,EIF4A3,CHST2,CHKA,COL3A1,SKI,CSF2
ATP6V1G1,CNOT9,IFITM2,CYP8B1,CLDN8,CD151,CA4,CA2,EIF2S2,ECH1,CXCL11,CISH,COQ8A,SST,CTSE,CHEK1,ERCC4,SHROOM2,GSTM2,CD59,CLIC3,PLK4,DMC1,,CHST1,,CDH1,CD40,PRDX6,ERGIC3,HMGCR,CYP51A1,CD14,CHRNG,CD70,CCNB2,COL8A2,CISH,CFB,IL13RA1,CCDC28A,SKP2,GNGT1,,EIF4E,CHST3,CHRNA5,COL5A2,SKIL,CXCL1
ATP6V1H,CSE1L,IFITM3,DHCR24,CLPS,CD302,CA6,CASP6,EIF3B,ECI2,CXCL9,CKB,CSRNP2,STXBP1,CTSH,CHMP1A,ERCC5,SLC22A12,GUSB,CDA,CXCL12,PPAN,DMRT1,,CHST12,,CDH11,CD40LG,PRNP,GALC,HMGCS1,DAPP1,CD2,CKB,CD82,CD2AP,COLGALT1,CKAP4,CFH,IL15RA,CCND3,TCF7,GRB2,,EIF4EBP1,CITED2,CLCN2,DAB2,SLC20A1,CXCL10
BAX,CTCF,IL15,DIO1,CLSTN3,CD36,CBR1,CAT,EIF3D,EHHADH,DDX60,CLIC3,CTSD,SYT13,CTSK,CKS1B,ERCC8,SLC2A4,HMGCR,CDH13,CYP26B1,PPRC1,DNAJB8,,CHST2,,CDH15,CD47,PTPA,GBF1,HOMER2,DDIT3,CD38,CKM,CDKN1A,CDC27,COMP,COCH,CFHR2,IL17RA,CDC27,TP53,GRK2,,EIF4G1,COL5A1,CLTB,DBP,SMAD1,CXCL11
BCKDHA,CTPS1,IL4R,DIO2,CNTFR,CDKN2C,CBR3,CBR1,EIF3J,ELOVL5,DHX58,COX6C,CTSF,VDR,CTSO,CKS2,FEN1,SLC34A3,HMGCS1,CDK5R1,DEPTOR,PRMT3,DPEP3,,CHST4,,CDH3,CD7,SBNO2,GLA,HPGD,DDIT4,CD44,CKMT2,CHST2,CDC42,COPA,COL6A1,CIDEA,IL17RB,CDR2,WNT1,GSK3B,,ERN1,CP,CNP,DDAH1,SMAD3,CXCL2
BDH2,DCK,IL7,EFHC1,COL2A1,CHCHD10,CD1D,CCL25,EIF4A1,EPHX2,EIF2AK2,CPE,CYFIP2,,CTSV,CTCF,GMPR2,SRPX,HSD17B7,CEBPB,DHCR7,PUS1,ELOVL3,,CHST6,,CDH4,CD74,SCAF4,GNAS,HSD17B14,DDX39A,CD69,CLU,CLEC5A,CDC42BPA,CRLF1,CSF1,CLEC4A,IL18R1,CIR1,WNT5B,HRAS,,ERO1A,CSRP2,COL2A1,DLC1,SMAD6,CXCL3
CASP7,DCLRE1B,IRF1,EPHX2,COPZ2,CHUK,CD36,CD36,EIF4E,ERCC1,EIF4E3,CXCL12,DCXR,,DCT,CUL1,GPX4,SULF2,IDI1,CFB,DHRS2,RABEPK,EZH2,,CITED2,,CDH6,CD79A,SELENOS,GOLGA4,IDI1,DHCR24,CDC25B,CNN3,CMKLR1,CDC42EP1,CTHRC1,CSF2,CMKLR1,IL1B,CLCN3,WNT6,HSP90B1,,EXOC2,CXCR4,CREG1,DLG1,SMAD7,CXCL6
COX10,DCTPP1,IRF2,FADS1,COQ8A,CIDEA,CEL,CDA,EIF4G2,ERCC3,EPSTI1,CXCL14,DDB2,,DPP4,CUL3,GSDME,THY1,JAG1,CFH,DHRS3,RCL1,GAD1,,CLDN3,,CDH8,CD80,SOD1,GOSR2,INPP4B,DHCR7,CDK2,COL15A1,CSF1,CDC42EP2,CXCL1,CST7,CPE,IL1R1,CLIC2,,IL2RG,,EXOSC1,DCN,CTSV,DMAC2L,SMURF1,DENND5A
COX11,DDX39A,IRF7,FADS2,CPA2,CMBL,CIDEA,CDO1,EIF4H,ESR2,FAS,CYP26B1,DDIT3,,DUSP14,CUL4A,GTF2A2,TMEM8B,LDLR,CLU,DLC1,RRP12,GAPDHS,,CLDN9,,CDK8,CD86,SRXN1,ICA1,INSIG1,DHFR,CDKN1A,COL1A1,CSF3,CDC42EP4,CXCL12,CTLA4,CROT,IL1R2,CPOX,,IL4,,EXOSC10,DDIT3,CXCL2,DUSP1,SMURF2,DNAJB4
COX15,DEK,IRF9,FDXR,CPB1,CMPK1,CPOX,CES1,EPRS1,FABP6,FCGR1A,CYP4F11,DDIT4,,DUSP6,CUL5,GTF2B,,LGALS3,COL4A2,DYNLT3,RRP9,GFI1,,CLN6,,CDSN,CD8A,STK25,IGF2R,IQGAP2,EBP,CDKN1B,COL3A1,CSF3R,CDK1,CXCL6,CTSZ,CSF2,IL2RA,CTNS,,IRAK4,,EXOSC2,DDIT4,CYB5B,DYRK1A,SPTBN1,DRAM1
COX17,DEPDC1,ISG15,GC,CPEB3,COL15A1,CPT1A,CFB,ERH,FADS1,FGL2,DCXR,DEF6,,F10,DBF4,GTF2F1,,LGMN,CP,EEIG1,SLC19A1,GMCL1,,COG2,,CERCAM,CD8B,TXN,KIF1B,ITGAV,EDEM1,CFLAR,COL4A2,CX3CL1,CDK5RAP2,CXCL8,CXCL10,CSF2RA,IL2RG,CTSB,,ITPR2,,EXOSC4,DPYSL4,CYB5R1,EFEMP1,TGFB1,DUSP1
COX4I1,DIAPH3,ISG20,GCLM,CYP11B2,COL4A1,CPT2,CNDP2,ETF1,FDPS,FPR1,DHCR7,DGKA,,F11,DDX39A,GTF2H1,,LPL,CPM,EGR3,SLC29A2,GPR182,,COL5A1,,CLDN11,CD96,TXNRD1,KRT18,KLK2,EEF1E1,CLU,COL6A2,CXCL10,CENPE,DAB2,CYFIP1,CTSS,IL3RA,CTSE,,LCK,,EXOSC5,DTNA,CYP1A1,ERBB2,TGFBR1,DUSP2
COX5A,DLGAP5,LAMP3,GNMT,CYP39A1,COQ3,CRAT,COMT,EXOSC7,FIS1,GBP4,DHRS2,DNTTIP2,,F12,DKC1,GTF2H3,,LSS,CPQ,ELF1,SORD,GRM8,,COPB2,,CLDN14,CDKN2A,TXNRD2,LAMP2,KLK3,EGLN3,CREBBP,COL6A3,CXCL11,CENPF,DCN,DCPS,CXCL10,IL4R,DAAM1,,MAP2K3,,EXOSC9,DUSP1,DDX21,F3,TGIF1,DUSP4
COX5B,DNMT1,LAP3,GNPAT,DCC,COQ5,CRYZ,CROT,FAM120A,GNPAT,GBP6,DLG5,DRAM1,,F13B,DMD,GTF2H5,,MAL2,CR1,ELF3,SRM,GSG1,,CTH,,CLDN15,CFP,,LMAN1,KRT19,EIF2S2,CTH,COX6A2,CXCL6,CENPJ,DKK1,DENND5A,CXCR4,IL6,DCAF10,,MAP2K6,,FKBP14,EDN2,DGAT1,FBLN5,THBS1,DUSP5
COX6A1,DONSON,LGALS3BP,GSTK1,DLK2,COQ9,CYP1A1,CRP,FBL,GSTK1,GCH1,DNAJC1,EI24,,F2,DR1,GTF3C5,,MVD,CR2,ELOVL2,SUPV3L1,GSTM3,,CXCR4,,CLDN18,CRTAM,,M6PR,KRT8,ELOVL5,CTNNB1,COX7A1,CXCL8,CEP131,DPYSL3,DHRS3,DCBLD2,IL6ST,DCAF11,,MAP3K7,,FUS,EFNA1,DLG4,FHL2,TJP1,EDN1
COX6B1,DSCC1,LPAR6,HACL1,DTNB,COX6A1,CYP4A11,CSAD,G3BP1,HAO2,GPR18,DNAJC12,ELP1,,F2RL2,DTYMK,GUK1,,MVK,CSRP1,ELOVL5,TBRG4,H1-6,,CYB5A,,CLDN19,CSF1,,MAPK1,LIFR,ELOVL6,CYLD,CRAT,CXCL9,CEP192,DST,DRC1,DNMBP,IL7,DCUN1D1,,MAPK1,,GEMIN4,EFNA3,DNAJA1,FYN,TRIM33,EFNA1
COX6C,DUT,LY6E,HAO1,EDAR,COX7B,CYP4A22,CYB5A,GLO1,HMGCL,GZMA,DUSP2,EPHA2,,F3,E2F1,HCLS1,,NFIL3,CTSB,ENDOD1,TCOF1,HBZ,,DCN,,CLDN4,CSK,,MON2,LMAN1,ENO1,DAP,CRYAB,CXCR6,CEP250,ECM1,ECM1,DOCK2,IL9R,DMTN,,MAPK10,,GOSR2,EGFR,DNAJB1,FZD2,UBE2D3,EGR1
COX7A2,E2F8,MOV10,HSD17B11,EDN1,COX8A,D2HGDH,CYFIP2,GNL3,HRAS,HELZ2,DYNLT3,EPHX1,,F8,E2F2,HPRT1,,NIBAN1,CTSC,ESRP2,TFB2M,HOXB1,,DDIT4,,CLDN5,CTSS,,NAPA,MAF,EPRS1,DAP3,CSRP3,CYBB,CEP57,ECM2,EEF1AKMT1,DUSP6,INHBE,E2F2,,MAPK8,,H2AX,ENO1,E2F5,GCNT1,WWTR1,EGR2
COX7A2L,EED,MVB12A,HSD17B4,EDN2,CPT2,DECR1,CYP17A1,GOT2,HSD11B2,HERC6,EEIG1,EPS8L2,,F9,E2F3,IMPDH2,,NSDHL,CTSD,FARP1,TMEM97,HSPA1L,,DEPDC1,,CLDN6,CXCL13,,NAPG,MAK,ERO1A,DCN,CTF1,DCBLD2,CEP72,EDIL3,EMP1,EMP1,IRF1,EIF2AK1,,MAPK9,,HERPUD1,ENO2,EIF2S3,GJA1,XIAP,EGR3
COX7B,EIF2S1,MX1,HSD17B6,EFHD1,CRAT,DHCR24,CYP1A1,GSPT1,HSD17B11,HIF1A,EGR3,ERCC5,,FBN1,E2F4,ITPA,,PCYT2,CTSH,FASN,UNG,HSPA2,,DLD,,CLDN7,CXCL9,,OCRL,MAP7,ETF1,DDIT3,DAPK2,EBI3,CKAP5,EFEMP2,ENO3,ENG,IRF9,ELL2,,MAPKAP1,,HSP90B1,ENO3,EIF5,GRK5,,EHD1
COX7C,ESPL1,NCOA7,HSD3B1,EGF,CS,DLD,CYP1A2,H2AZ1,HSD17B4,HLA-A,ELOVL5,F2R,,FGA,EFNA5,LIG1,,PDK3,CTSL,FCMR,UTP20,HSPA4L,,DPYSL4,,CLDN8,CXCR3,,PAM,MERTK,FADS1,DFFA,DENND2B,EDN1,CLASP1,ELN,ENPP1,EPB41L3,ITGA4,ENDOD1,,MKNK1,,HSPA5,ERO1A,ENO2,HAS2,,EIF1
COX8A,EXOSC8,NMI,HSD3B7,ENTPD7,CYC1,DLST,CYP26A1,HDAC2,HSD3B7,HLA-B,EMP2,FAM162A,,FGG,EGF,MPC2,,PLAUR,CTSO,FDFT1,WDR43,HTR5A,,DSC2,,CLDN9,DARS1,,PPT1,MYL12A,FADS2,DIABLO,DES,EIF2AK2,CLIP1,EMP3,EOMES,EPHB2,ITGB3,EPB41,,MKNK2,,HSPA9,ERRFI1,EPCAM,ICA1,,ETS2
CPT1A,EZH2,NUB1,IDH1,EPHA5,CYP4B1,ECH1,CYP27A1,HDDC2,IDE,HLA-DMA,ETFB,FAS,,FN1,ESPL1,MPG,,PLSCR1,CTSS,FHL2,WDR74,IDE,,ECD,,CNN2,DEGS1,,RAB14,NCOA4,FDXR,DNAJA1,DMD,EMP3,CLIP2,ENO2,ETFBKMT,EREG,JUN,EPB42,,MYD88,,HYOU1,ETS1,EPHX1,ID1,,F2RL1
CS,GINS1,OAS1,IDH2,FGF16,DBT,ECHS1,CYP2C18,HDGF,IDH1,HLA-DQA1,FABP5,FBXW7,,FURIN,EWSR1,MRPL40,,PMVK,CTSV,FKBP4,,IFT88,,EFNA3,,CNTN1,DYRK3,,RAB22A,NDRG1,FGL2,DNAJC3,DMPK,EREG,CNTRL,FAP,ETV4,ERO1A,LEPR,EPOR,,NCK1,,IARS1,EXT1,FEN1,IGF1R,,F3
CYB5A,GINS3,OASL,IDI1,FGF22,DDT,ECI1,CYP2E1,HNRNPA1,IDH2,HLA-DRB1,FARP1,FDXR,,FYN,EXO1,NCBP2,,PNRC1,CXCL1,FKBP5,,IL12RB2,,EGFR,,COL16A1,EGFR,,RAB2A,NGLY1,FKBP2,DNM1L,DTNA,F3,CNTROB,FAS,F2RL2,ETS1,LTB,ERMAP,,NFKBIB,,IFIT1,F3,FGF18,IGFBP5,,FJX1
CYB5R3,GINS4,OGFR,ISOC1,FGFR3,DECR1,ECI2,CYP2J2,HNRNPA2B1,IDI1,HLA-G,FDFT1,FGF13,,GDA,EZH2,NELFB,,PPARG,DGKG,FLNB,,IL13RA2,,EGLN3,,COL17A1,EIF3A,,RAB5A,NKX3-1,G6PD,DPYD,EFS,FFAR2,CSNK1D,FBLN1,FAH,ETV1,LTBR,EZH1,,NGF,,IGFBP1,FAM162A,FKBP4,INPP4B,,FOS
CYC1,GSPT1,PARP12,KLF1,FGGY,DGAT1,EHHADH,CYP2S1,HNRNPA3,ISOC1,ICAM1,FGFR3,FOS,,GNB2,FANCC,NELFCD,,S100A11,DGKH,FOS,,IP6K1,,ELF3,,COL9A1,EIF3D,,RAB9A,PA2G4,GAPDH,EBP,EIF4A2,FPR1,CTTN,FBLN2,FGL2,ETV4,MAP3K8,FBXO34,,NOD1,,IMP3,FBP1,FMO1,INSIG1,,FOSB
CYCS,H2AX,PARP14,LCK,FSHB,DHCR7,ELOVL5,CYP4F2,HNRNPC,ITGB1BP1,IDO1,FKBP4,FOXO3,,GNG12,FBXO5,NELFE,,SC5D,DOCK10,FOXC1,,JAM3,,ENO1,,CRAT,EIF3J,,RER1,PDLIM5,GBE1,EGR3,ENO3,FZD5,CYTH2,FBLN5,FLT3LG,ETV5,MYD88,FBXO7,,PAK4,,KDELR3,FOS,FOS,IRS1,,FOSL1
DECR1,H2AZ1,PARP9,LIPE,GAMT,DHRS7,ENO2,DCXR,HNRNPD,LONP2,IFI27,FKBP5,FUCA1,,GP1BA,FOXN3,NFX1,,SCD,DOCK4,FRK,,KIF2C,,ENO2,,CRB3,EIF4G3,,RPS6KA3,PGM3,GCLC,EMP1,EPHB3,GABBR1,DLG1,FBN1,FURIN,EVI5,OSMR,FBXO9,,PDK1,,KHSRP,FOSL2,FOSB,ITGB3,,FOSL2
DLAT,HELLS,PLSCR1,LONP2,GDNF,DHRS7B,ENO3,DDAH2,HNRNPR,MLYCD,IFI30,FLNB,GADD45A,,GP9,G3BP1,NME1,,SEMA3B,DOCK9,GAB2,,LDHC,,ERO1A,,CTNNA1,EIF5A,,SCAMP1,PIAS1,GGA2,ENO2,ERBB3,GCH1,DLGAP5,FBN2,GABARAPL1,F13A1,PDGFC,FECH,,PFN1,,KIF5B,FOXO3,FURIN,KALRN,,FUT4
DLD,HMGA1,PNPT1,MLYCD,GP1BA,DLAT,EPHX1,DDC,HNRNPU,MSH2,IFI35,FOS,GLS2,,GSN,GINS2,NME3,,SQLE,DPP4,GFRA1,,LPIN1,,EXT1,,CTNND1,ELANE,,SCAMP3,PLPP1,GLA,ERBB2,FABP3,GNA15,DOCK2,FERMT2,GADD45B,F2RL1,PF4,FN3K,,PIK3R3,,LSM1,GAA,GAL,KCNMA1,,G0S2
DLST,HMGB2,PROCR,NEDD4,GP2,DLD,ERP29,DDT,HPRT1,MVP,IFI44,FOXC1,GM2A,,HMGCS2,GSPT1,NME4,,SREBF2,DUSP5,GJA1,,MAP7,,EXT2,,CX3CL1,ELF4,,SCRN1,PMEPA1,GLRX,ERBB3,FDPS,GNAI3,DOCK4,FGF2,GALM,FBXO4,PIK3R5,FOXJ2,,PIKFYVE,,LSM4,GALK1,GCH1,KIT,,GADD45A
ECH1,HMGB3,PSMA3,NPC1,GPR19,DNAJB9,ETFDH,DHPS,HSP90AB1,NR1I2,IFI44L,FRK,GPX2,,HNF4A,H2AX,NPR2,,STARD4,DUSP6,GLA,,MAST2,,FAM162A,,DHX16,EREG,,SEC22B,PTK2B,GMPS,EREG,FGF2,GP1BA,DST,FLNA,GATA1,FCER1G,PIM1,FOXO3,,PIN1,,MTHFD2,GAPDH,GGH,LAMC1,,GADD45B
ECHS1,HMMR,PSMB8,NR0B2,GPR3,DNAJC15,FABP1,DHRS1,HSPD1,NUDT19,IFIH1,GAL,H1-2,,HPN,H2AZ1,NT5C,,STX5,DYRK2,GREB1,,MEP1B,,FBP2,,DLG1,ETS1,,SEC24D,PTPN21,GOT1,ETF1,FHL1,GPC3,DYNC1H1,FMOD,GBP4,FGF9,PLA2G2A,FTCD,,PITX2,,MTREX,GAPDHS,GLS,LDLR,,GCH1
ECI1,HNRNPD,PSMB9,NR1H4,GPRC5C,DRAM2,FABP2,DHRS7,HSPE1,PABPC1,IFIT1,GALE,H2AC25,,HRG,H2AZ2,NT5C3A,,TM7SF2,EHD1,HES1,,MLF1,,FKBP4,,DMP1,F2,,SEC31A,RAB4A,GPI,F2,FKBP1B,GPR132,DYNLL2,FN1,GLIPR2,FLT4,PTPN1,GAPVD1,,PLA2G12A,,NABP1,GBE1,GPX3,LPAR1,,GEM
ETFA,HUS1,PSME1,NR1I2,GRID2,ECH1,FASN,ECH1,IARS1,PEX11A,IFIT2,GFUS,H2AJ,,HTRA1,H2BC12,NUDT21,,TMEM97,ERAP2,HR,,MLLT10,,FUT8,,DSC1,F2R,,SGMS1,RPS6KA3,GSK3B,F2R,FLII,GPR183,ECT2,FOXC2,GPR65,FUCA1,PTPN11,GATA1,,PLCB1,,NFYA,GCK,GRINA,LTBP1,,GFPT2
ETFB,ILF3,PSME2,NR3C2,GTF3C5,ECHS1,FH,ELOVL5,IFRD1,PEX11B,IFIT3,GINS2,HBEGF,,ISCU,HIF1A,NUDT9,,TNFRSF12A,F10,HSPB8,,MTNR1A,,G6PD,,DSC3,FAS,,SH3GL2,RRP12,GSR,FAS,FOXO4,HAS2,EPB41,FSTL1,GPR83,G0S2,PTPN2,GCLC,,PLCG1,,NFYB,GCNT2,GRPEL1,MAGI2,,GPR183
ETFDH,ING3,RIPK2,NUDT12,HNF1A,ELMOD3,FMO1,ENPEP,ILF2,PEX13,IFITM2,GJB3,HDAC3,,ITGA2,HIRA,PCNA,,TP53INP1,F2,IGF1R,,MTOR,,GAL3ST1,,EGFR,FASLG,,SNAP23,SAT1,GTF2H1,FASLG,FST,HBEGF,EPB41L2,FSTL3,GPX4,GABRA3,REG1A,GCLM,,PPP1CA,,NHP2,GLRX,H2AX,MAP1B,,HBEGF
FDX1,IPO7,RNF31,OPTN,HSD11B2,ELOVL6,G0S2,ENTPD5,IMPDH2,PEX14,IFITM3,GLA,HEXIM1,,ITGB3,HMGA1,PDE4B,,TRIB3,F3,IGFBP4,,NAA11,,GALE,,EPB41L2,FCGR2B,,SNX2,SCD,HK2,FDXR,FXYD1,HIF1A,ESPL1,FUCA1,GSTO1,GADD45G,SOCS1,GDE1,,PPP2R1B,,NOLC1,GPC1,HLA-F,MAP2K5,,HES1
FH,JPT1,RSAD2,PAOX,HTR1B,ENPP2,GABARAPL1,EPHA2,KARS1,PEX2,IFNAR2,GPER1,HINT1,,ITIH1,HMGB3,PDE6G,,,F5,IL17RB,,NCAPH,,GALK1,,EVL,FGR,,SOD1,SEC24D,HMBS,FEZ1,GAA,HPN,EZR,FZD8,GUCY1B1,GALNT3,SOCS3,GLRX5,,PRKAA2,,NOP14,GPC3,HMOX1,MAPK14,,ICAM1
FXN,KIF18B,RTP4,PECR,HTR1D,EPHX2,GAD2,EPHX1,KPNA2,PEX5,IL10RA,HMGCS2,HMOX1,,KLF7,HMGN2,PNP,,,F7,IL6ST,,NEFH,,GALK2,,EXOC4,FLNA,,SSPN,SELENOP,HMGCR,GADD45A,GABARAPL2,HRH1,FARP1,GADD45A,HIPK2,GFPT2,STAM2,GMPS,,PRKAG1,,NOP56,GPC4,HNRNPU,MET,,ICOSLG
GLUD1,KIF22,SAMD9,PEX1,IDUA,ESRRA,GAPDHS,ESR1,KPNB1,PEX6,IL15,HOMER2,HRAS,,KLK8,HMMR,POLA1,,,F8,INHBB,,NEK2,,GAPDHS,,FBN1,FYB1,,STAM,SGK1,HMGCS1,GADD45B,GADD45B,ICAM1,FBXO5,GADD45B,HK2,GLRX,STAT1,GYPA,,PRKAR2A,,NPM1,GPI,HSPA13,MGLL,,ID2
GOT2,KIF2C,SAMD9L,PEX11A,IFI44L,ESYT1,GCDH,ETFDH,LDHA,PRDX1,IL15RA,HPRT1,HSPA4L,,KLKB1,HNRNPD,POLA2,,,FCER1G,INPP5F,,NF2,,GCLC,,FLNC,GALNT1,,STX12,SLC26A2,HPRT1,GCH1,GJA5,ICAM4,FGD4,GAS1,HOPX,GNG11,STAT2,GYPB,,PRKCB,,PAIP1,GRHPR,HSPA2,MGMT,,IER2
GPI,KIF4A,SELL,PEX11G,IFNG,ETFB,GLUL,ETS2,LSM2,PRDX5,IL18BP,HR,IER3,,LAMP2,HNRNPU,POLB,,,FCN1,ISG20L2,,NOS1,,GFPT1,,FSCN1,GBP2,,STX16,SLC38A2,HSP90B1,GNA15,GNAO1,ICOSLG,FGD6,GEM,HUWE1,GPNMB,STAT3,GYPC,,PTEN,,PARN,GYS1,HTR7,MIOS,,IER3
GPX4,KPNA2,SLC25A28,PEX12,IGFBP2,FABP4,GPD1,F10,LSM7,RDH11,IL2RB,HSPA4L,IER5,,LEFTY2,HOXC10,POLD1,,,FDX1,ITPK1,,NPHP1,,GFUS,,FYB1,GCNT1,,STX7,SMS,HSPA4,GPX3,GPX3,IFITM1,FLNA,GJA1,HYCC2,GPRC5B,TGFB1,GYPE,,PTPN11,,PDIA5,HAS1,HYAL2,MMP16,,IER5
GRPEL1,LBR,SP110,PEX13,IL12B,FAH,GPD2,F11,MAD2L1,RETSAT,IL4R,HSPB8,IFI30,,LGMN,HSPA8,POLD3,,,FN1,JAK2,,NPY5R,,GLCE,,GAMT,GLMN,,TMED10,SORD,HSPA5,GPX4,GSN,IFNAR1,FLNB,GLIPR1,ICOS,GUCY1A1,TLR2,H1-0,,RAC1,,PDIA6,HDLBP,ICAM1,MRPS31,,IFIH1
HADHA,LIG1,STAT2,PEX16,IL5,FZD4,GRHPR,FABP1,MCM2,RXRG,IL6,ID2,IL1A,,LRP1,HUS1,POLD4,,,FYN,KAZN,,OAZ3,,GLRX,,GNAI1,GPR65,,TMED2,SPCS3,HSPA9,GSN,HBEGF,IFNGR2,FSCN1,GPC1,IFITM3,GYPC,TNF,H4C3,,RAF1,,POP4,HEXA,IGFBP2,MT1E,,IFIT2
HADHB,LMNB1,TAP1,PEX19,INSL5,G3BP2,GSTZ1,FAH,MCM4,SCGB1A1,IL7,IDH2,INHBB,,LTA4H,ILF3,POLE4,,,GATA3,KCNK15,,ODF1,,GMPPA,,GNAI2,GZMA,,TMX1,SPDEF,HSPD1,GSR,HDAC5,IL10,GEMIN4,GPX7,IFNGR1,H2BC3,TNFRSF12A,HAGH,,RALB,,PREB,HK1,IL6,MTA1,,IFNGR2
HCCS,LUC7L3,TDRD7,PEX26,IRS4,GADD45A,H2AZ1,FAS,MCM5,SCP2,IRF1,IGFBP4,IP6K2,,MAFF,INCENP,POLH,,,GCA,KCNK5,,PACRG,,GMPPB,,GRB7,GZMB,,TOM1L1,SRF,HSPE1,GSTM1,HRC,IL10RA,GSN,GREM1,IGF1R,HBEGF,TNFRSF1A,HBB,,RIPK1,,PSAT1,HK2,IL6ST,MYC,,IL12B
HSD17B10,LYAR,TENT5A,PEX6,ITGB1BP2,GBE1,HADH,FBLN1,MCM6,SEMA3C,IRF2,IGSF1,IRAG2,,MASP2,JPT1,POLL,,,GMFB,KDM4B,,PAPOLB,,GNE,,GTF2F1,HCLS1,,TPD52,SRP19,IDH1,GUCY2D,HSPB2,IL12B,HDAC6,HTRA1,IGF2R,HDAC9,TNFRSF1B,HBD,,RIT1,,RPS14,HMOX1,IRF1,NEK7,,IL15RA
HSPA9,MAD2L1,TMEM140,PEX7,ITIH3,GHITM,HADHB,FBP1,MCM7,SERPINA6,IRF4,IL17RB,IRAK1,,MBL2,KATNA1,POLR1C,,,GNAI2,KLF10,,PARP2,,GNPDA1,,HADH,HDAC9,,TSG101,STEAP4,IDI1,H1-0,HSPB8,IL15,HOOK3,ID2,IKZF2,HKDC1,TNFRSF21,HBQ1,,RPS6KA1,,RRP9,HOXB9,JUNB,NFIB,,IL18
HTRA2,MCM2,TRAFD1,PFKM,KCND1,GPAM,HAO2,FETUB,MRPL23,SIAH1,IRF5,IL6ST,ISCU,,MEP1A,KIF11,POLR1D,,,GNAI3,KLF4,,PCSK1N,,GOT1,,HRAS,HIF1A,,TSPAN8,STK39,IFI30,HGF,IFRD1,IL15RA,INCENP,IGFBP2,IKZF4,HOXD11,TYK2,HBZ,,RPS6KA3,,SDAD1,HS3ST1,KCNH2,NFKB1,,IL1A
IDH1,MCM3,TRIM14,PHYH,KCNE2,GPAT4,HCCS,FMO1,MRPL9,SLC23A2,IRF7,IMPA2,ITGB4,,MMP1,KIF15,POLR1H,,,GNB2,KLK10,,PCSK4,,GOT2,,ICAM1,HLA-A,,USO1,TMEM50A,IFRD1,HMGB2,IGF1,IL18,ITSN1,IGFBP3,IL10,HSD11B1,,HDGF,,RPTOR,,SEC11A,HSPA5,KLHDC3,NIPBL,,IL1B
IDH2,MCM4,TRIM21,PIPOX,KCNMB1,GPD2,HIBCH,FMO3,MRPS18B,SLC25A17,IRF8,ISG20,JAG2,,MMP10,KIF20B,POLR2A,,,GNB4,KRT13,,PDHA2,,GPC1,,ICAM2,HLA-DMA,,VAMP3,TMPRSS2,IGFBP5,HMOX1,IGFBP3,IL18R1,KATNA1,IGFBP4,IL10RA,ID2,,HEBP1,,SFN,,SEC31A,IDS,LHX2,NOTCH2,,IL23A
IDH3A,MCM5,TRIM25,PNPLA8,KCNN1,GPHN,HMGCL,G6PC1,MYC,SLC25A19,IRF9,ITPK1,JUN,,MMP11,KIF22,POLR2C,,,GNG2,KRT15,,PEBP1,,GPC3,,ICAM4,HLA-DMB,,VAMP4,TNFAIP8,IMMT,HSPB1,IGFBP7,IL18RAP,KATNB1,IL15,IL13,IGF2,,HMBS,,SLA,,SERP1,IER3,LYN,NR1D2,,IL6
IDH3B,MCM6,TRIM26,PRDX5,KCNQ2,GPX3,HMGCS1,GABARAPL1,NAP1L1,SLC25A4,ISG15,JAK1,KIF13B,,MMP14,KIF23,POLR2D,,,GNGT2,KRT18,,PGK2,,GPC4,,ICAM5,HLA-DOA,,VAMP7,TPD52,INSIG1,IER3,ITGA7,IL1A,KIF11,IL32,IL18R1,IGFBP3,,HTATIP2,,SLC2A1,,SHC1,IGFBP1,MAOA,NR3C1,,IL6ST
IDH3G,MCM7,TRIM5,PXMP2,KLHDC8A,GPX4,HMGCS2,GAD1,NCBP1,SLC27A2,ISG20,JAK2,KLF4,,MMP15,KIF2C,POLR2E,,,GP1BA,KRT19,,PGS1,,GPR87,,IKBKG,HLA-DOB,,VPS45,TSC22D1,ITGB2,IFITM3,ITGB1,IL1B,KIF15,IL6,IL1R2,IKZF1,,HTRA2,,SMAD2,,SKIC3,IGFBP3,MAPK8IP2,NRP1,,IL7R
IMMT,MELK,TXNIP,RBP1,KLK7,GRPEL1,HPGD,GART,NCBP2,SLC35B2,ISOC1,KCNK5,KLK8,,MMP2,KIF4A,POLR2F,,,GP9,KRT8,,PHF7,,GUSB,,INPPL1,HLA-DQA1,,VPS4B,UAP1,LDHA,IFNB1,ITGB4,IL1R1,KIF1B,INHBA,IL1RL1,IL10RA,,ICAM4,,SQSTM1,,SLC1A4,IL6,MARK2,PDGFRB,,INHBA
ISCA1,MKI67,UBA7,RETSAT,KLK8,HADH,HSD17B10,GCH1,NDUFAB1,SMARCC1,ITGB7,KIF20A,KRT17,,MMP3,KIF5B,POLR2G,,,GPD2,LAD1,,PHKG2,,GYS1,,INSIG1,HLA-DRA,,YIPF6,UBE2I,LDLR,IFNGR1,ITGB5,IL2RB,KIF20B,ITGA2,IL2RA,IL1B,,IGSF3,,STAT2,,SLC30A5,ILVBL,MGAT1,PDLIM5,,IRF1
ISCU,MLH1,UBE2L6,RXRA,KMT2D,HIBCH,HSD17B11,GCKR,NHP2,SOD1,JAK2,KLF4,LDHB,,MMP7,KMT5A,POLR2H,,,GRB2,LRIG1,,PIAS2,,GYS2,,IRS1,HLA-E,,YKT6,UBE2J1,LGMN,IGF2R,KCNH1,IL4R,KIF22,ITGA5,IL2RB,IL1RL2,,ISCA1,,TBK1,,SLC7A5,INHA,MMP14,PEX14,,IRS2
LDHA,MMS22L,USP18,RXRG,KRT1,HSPB8,HSD17B4,GCLC,NME1,STS,KLRK1,KLK10,LIF,,MMP8,KNL1,POLR2I,,,GZMA,MAPT,,POMC,,HAX1,,ITGA10,HLA-G,,ZW10,VAPA,LTA4H,IGFBP6,KCNH2,IL6,KIF23,ITGAV,IL3RA,IL2RG,,KAT2B,,THEM4,,SPCS1,IRS2,MRPL23,PHF3,,JAG1
LDHB,MRE11,WARS1,SCP2,KRT13,IDH1,HSD17B7,GCNT2,NOLC1,SULT2B1,LAP3,KLK11,MAPKAPK3,,MMP9,KPNA2,POLR2J,,,GZMB,MAST4,,PRKAR2A,,HDLBP,,ITGA2,ICAM1,,,XRCC5,M6PR,IL18,KIFC3,IL7R,KIF2C,ITGB1,IL4R,IL33,,KDM7A,,TIAM1,,SPCS3,ISG20,MSX1,PIAS3,,JUN
LRPPRC,MSH2,,SERPINA6,KRT15,IDH3A,HSDL2,GNMT,NOP16,TOP2A,LATS2,KRT13,MDM2,,MSRB2,KPNB1,POLR2K,,,GZMK,MED13L,,PRM2,,HK2,,ITGA3,ICOSLG,,,XRCC6,MAP2K3,IL1A,KLF5,INHBA,KIF3B,ITGB3,IRF4,IL7R,,KEL,,TNFRSF1A,,SRPRA,JMJD6,NAT1,PIK3CD,,JUNB
MAOB,MTHFD2,,SLC22A18,KRT4,IDH3G,HSP90AA1,GSR,NOP56,TSPO,LCP2,KRT19,MKNK2,,MST1,LBR,POLR3C,,,HNF4A,MED24,,PSMG1,,HMMR,,ITGA9,IFNAR2,,,ZBTB10,MCM2,IL1B,LAMA2,IRAK2,KIF3C,ITGB5,IRF6,INHBA,,KHNYN,,TRAF2,,SRPRB,JUN,NFKBIA,PIK3R3,,KDM6B
MDH1,MXD3,,SLC23A1,KRT5,IFNGR1,HSPH1,GSS,NPM1,TTR,LGALS3BP,LAMC2,MXD1,,OLR1,LIG3,POLR3GL,,,HPCAL4,MICB,,RAD17,,HOMER1,,ITGB1,IFNG,,,ZMIZ1,MCM4,IL6,LARGE1,IRF1,KIF4A,JUN,IRF8,IRF8,,KLF1,,TRIB3,,SSR1,KDELR3,NKX2-5,PLCB4,,KLF10
MDH2,MYBL2,,SLC23A2,LFNG,IMMT,IDH1,GSTA3,ODC1,UGT2B17,LY6E,LARGE1,MXD4,,P2RY1,LMNB1,POM121,,,HSPA1A,MINDY1,,RFC4,,HS2ST1,,ITGB4,IFNGR1,,,,ME1,IRF1,LDB3,IRF7,KIF5B,LAMA1,ITGA6,ITGA2,,KLF3,,TSC2,,STC2,KDM3A,NPTX2,PLPP3,,KLF2
MFN2,MYC,,SLC27A2,LGALS7,ITGA7,IDH3B,GSTM4,ORC2,VPS4B,LYSMD2,LLGL2,NDRG1,,PDGFB,MAD2L1,PRIM1,,,HSPA5,MLPH,,RPL39L,,HS6ST2,,JAM3,IFNGR2,,,,MLLT11,ISG20,LPIN1,ITGA5,KIFAP3,LAMA2,ITGAE,ITGB2,,LAMP2,,UBE2D3,,TARS1,KIF5A,NPTXR,PMP22,,KLF4
MGST3,NAA38,,SLC27A5,LYPD3,ITIH5,IDH3G,GSTO1,PA2G4,YWHAH,MARCHF1,LSR,NHLH2,,PECAM1,MAP3K20,RAD51,,,IL6,MPPED2,,SCG3,,HSPA5,,JUP,IGSF6,,,,MTHFD2,JUN,LSP1,ITGB3,KLC1,LAMA3,ITGAV,ITGBL1,,LMO2,,UBE2N,,TATDN2,KLF6,NR4A1,PPARG,,KLF6
MPC1,NAP1L1,,SLC29A1,MACROH2A2,ITSN1,IDI1,HACL1,PABPC1,,METTL7B,LTF,NINJ1,,PEF1,MAPK14,RAD52,,,IRF1,MREG,,SCG5,,IDH1,,KCNH2,IKBKB,,,,MTHFD2L,KRT18,MAPK12,ITGB8,KNTC1,LAMC1,ITIH5,JUP,,LPIN2,,VAV3,,TSPYL2,KLF7,NTRK3,PRDM2,,KLF9
MRPL11,NASP,,SLC35B2,MAGIX,JAGN1,IL4I1,HES6,PABPC4,,MT2A,MAPK13,NOL8,,PF4,MARCKS,RAE1,,,IRF2,MSMB,,SEPTIN4,,IDUA,,KRT31,IL10,,,,NAMPT,LEF1,MAPRE3,KCNA3,KPTN,LAMC2,KLF6,KCNN4,,LRP10,,YWHAB,,TUBB2A,KLHL24,NUP58,PRKAR2B,,KYNU
MRPL15,NBN,,SLCO1A2,MAST3,LAMA4,INMT,HGFAC,PCBP1,,MTHFD2,MAPT,NOTCH1,,PLAT,MCM2,RALA,,,IRF7,MUC1,,SHE,,IER3,,LAMA3,IL11,,,,NFIL3,LGALS3,MB,KCNJ2,LATS1,LGALS1,LCLAT1,KIF5C,,MAP2K3,,,,VEGFA,LALBA,NXF1,PRKCA,,LAMB3
MRPL34,NCAPD2,,SOAT2,MEFV,LEP,KMT5A,HMOX1,PCNA,,MVP,MDK,NUDT15,,PLAU,MCM3,RBX1,,,ITGAM,MYB,,SIRT1,,IGFBP3,,LAMB3,IL12A,,,,NFKBIB,LMNA,MEF2A,KCNMB2,LLGL1,LOX,LIF,KLF4,,MARCHF2,,,,WFS1,LARGE1,OLFM1,PRKCE,,LDLR
MRPL35,NME1,,SOD1,MFSD6,LIFR,LDHA,HNF4A,PGK1,,MX1,MEST,NUPR1,,PLEK,MCM5,REV3L,,,ITIH1,MYBBP1A,,SLC12A2,,IL13RA1,,LAMC2,IL12B,,,,NFYC,LUM,MEF2C,KIF1B,LMNB1,LOXL1,LRIG1,LAPTM5,,MARCHF8,,,,WIPI1,LDHA,ONECUT1,PTEN,,LIF
MRPS11,NOLC1,,SULT1B1,MSH5,LIPE,LGALS1,HPRT1,PHB1,,MX2,METTL3,OSGIN1,,PLG,MCM6,RFC2,,,JAK2,MYBL1,,SLC2A5,,IRS2,,LAYN,IL12RB1,,,,NHERF1,MADD,MEF2D,KLF6,LRPPRC,LOXL2,LRRC8C,LAT2,,MARK3,,,,XBP1,LDHC,PARP2,PTGFR,,LITAF
MRPS12,NOP56,,SULT2B1,MTHFR,LPCAT3,LTC4S,HRG,PHB2,,MYD88,MICB,PCNA,,PREP,MEIS1,RFC3,,,KCNIP2,MYC,,SNAP91,,ISG20,,LDLRAP1,IL13,,,,NIBAN1,MCL1,MRAS,LAMP3,MAP1S,LRP1,LTB,LCP1,,MBOAT2,,,,XPOT,LOX,PDAP1,PTPN21,,MAFF
MRPS15,NUDT21,,TFCP2L1,MX1,LPL,MAOA,HSD11B1,POLD2,,NAMPT,MOCS2,PDGFA,,PROC,MEIS2,RFC4,,,KCNIP3,MYOF,,SPATA6,,KDELR3,,LIMA1,IL15,,,,NMT1,MGMT,MYBPC3,LCK,MAP3K11,LRRC15,MAFF,LIF,,MFHAS1,,,,YIF1A,LXN,PDLIM3,PTPRM,,MAP2K3
MRPS22,NUP107,,TTR,MYH7,LTC4S,MCEE,HSD17B2,POLE3,,NCOA3,MYB,PERP,,PROS1,MKI67,RFC5,,,KIF2A,NADSYN1,,STAM2,,KIF20A,,MADCAM1,IL16,,,,NUFIP1,MMP2,MYBPH,LCP2,MAPRE1,LUM,MAP3K8,LY96,,MGST3,,,,YWHAZ,MAFF,PLCL1,RASA2,,MAP3K8
MRPS30,NUP153,,,MYO15A,MAP4K3,MDH1,ID2,PPIA,,NFKB1,MYOF,PHLDA3,,PROZ,MNAT1,RNMT,,,KLK1,NAV2,,STRBP,,KIF2A,,MAP3K20,IL18,,,,NUP205,NEDD9,MYF6,LDLR,MARCKS,MAGEE1,MAP6,MAFB,,MINPP1,,,,ZBTB17,MAP3K1,POLE3,RBPMS,,MARCKS
MTRF1,NUP205,,,MYOT,MCCC1,MDH2,IDH1,PPM1G,,NFKBIA,NAB2,PIDD1,,PRSS23,MT2A,RPA2,,,KLKB1,NBL1,,SYCP1,,LCT,,MAP4K2,IL18RAP,,,,NUPR1,NEFH,MYH1,LIF,MARK4,MATN2,MAPKAPK2,MALL,,MKRN1,,,,,MIF,POLG2,RGS4,,MCL1
MTRR,ORC2,,,NGB,MDH2,ME1,IGF1,PRDX3,,NLRC5,NBL1,PITPNC1,,RABIF,MTF2,RPA3,,,KYNU,NCOR2,,TALDO1,,LDHA,,MAPK11,IL1B,,,,P4HA1,PAK1,MYH11,LPAR1,MID1,MATN3,MUC1,MAP3K1,,MOCOS,,,,,MT1E,POLR2H,RND3,,MSC
MTX2,ORC6,,,NOS1,ME1,METAP1,IGFBP1,PRDX4,,NMI,NCOR2,PLK2,,RAC1,MYBL2,RRM2B,,,L3MBTL4,NHERF1,,TCP11,,LDHC,,MAPK13,IL2,,,,PDAP1,PDCD4,MYH2,LTA,MID1IP1,MCM7,MXD1,MAP4K1,,MOSPD1,,,,,MT2A,PPAT,RUNX1,,MXD1
NDUFA1,PA2G4,,,NPHS1,MGLL,MGLL,IGFBP4,PRPF31,,NOD1,NHERF1,PLK3,,RAPGEF3,MYC,SAC3D1,,,LAMP2,NPY1R,,TEKT2,,LHPP,,MAPK14,IL27RA,,,,PDK1,PDGFRB,MYH3,LY6E,MYH10,MEST,MYC,MAP7,,MPP1,,,,,MXI1,PPIF,RXRA,,MYC
NDUFA2,PAICS,,,NPY4R,MGST3,MIF,IL1R1,PRPS2,,NUP93,NMU,PLXNB2,,RGN,NASP,SDCBP,,,LAP3,NRIP1,,THEG,,LHX9,,MDK,IL2RA,,,,PFKL,PEA15,MYH4,LYN,MYH9,MFAP5,MYO1C,MMD,,MXI1,,,,,MYH9,PPP1R2,SCAF8,,NAMPT
NDUFA3,PAN2,,,NR4A2,MIGA2,MIX23,IRF8,PSMA1,,OAS2,NPY1R,PMM1,,S100A1,NCL,SEC61A1,,,LCK,NXT1,,TKTL1,,MDH1,,MMP2,IL2RB,,,,PGK1,PLAT,MYH7,MARCO,MYO1E,MGP,MYO1E,MMP10,,MYL4,,,,,NAGK,PPT1,SCHIP1,,NFAT5
NDUFA4,PCNA,,,NR6A1,MRAP,MLYCD,ITIH1,PSMA2,,OAS3,NRIP1,POLH,,S100A13,NDC80,SF3A3,,,LCP2,OLFM1,,TLE4,,MDH2,,MMP9,IL2RG,,,,PGM1,PLCB2,MYH8,MEFV,MYO9B,MMP1,NCOA3,MMP11,,NARF,,,,,NCAN,PRKACA,SCN8A,,NFE2L2
NDUFA5,PDS5B,,,NRIP2,MRPL15,NBN,ITIH4,PSMA4,,OASL,NXT1,POM121,,SERPINA1,NEK2,SMAD5,,,LGALS3,OLFML3,,TNNI3,,ME1,,MPZL1,IL4,,,,PHGDH,PLPPR4,MYH9,MEP1A,NCK1,MMP14,NCS1,MMP9,,NCOA4,,,,,NDRG1,PRKCD,SDC2,,NFIL3
NDUFA6,PHF5A,,,NTF3,MTARC2,NCAPH2,JUP,PSMA6,,OGFR,OLFM1,PPM1D,,SERPINB2,NOLC1,SNAPC4,,,LGMN,OPN3,,TNP1,,ME2,,MPZL2,IL4R,,,,PIK3R3,PMAIP1,MYL1,MET,NCK2,MMP2,NDRG1,MPZL2,,NEK7,,,,,NDST1,PRPF3,SERPINE1,,NFKB1
NDUFA7,PLK1,,,NUDT11,MTCH2,NSDHL,KARS1,PSMA7,,P2RY14,OPN3,PPP1R15A,,SERPINC1,NOTCH2,SNAPC5,,,LIPA,OVOL2,,TNP2,,MED24,,MSN,IL6,,,,PITPNB,PPP2R5B,MYL11,MMP14,NDC80,MMP3,NFIL3,MTMR10,,NFE2,,,,,NDST2,PSMC3,SFMBT1,,NFKB2
NDUFA8,PLK4,,,OXT,MYLK,NTHL1,KYNU,PSMB2,,PARP12,OVOL2,PRKAB1,,SERPINE1,NSD2,SRSF6,,,LRP1,P2RY2,,TOPBP1,,MERTK,,MVD,IL7,,,,PLK1,PPP3R1,MYL2,MSR1,NEDD9,MSX1,NFKBIZ,MYCN,,NFE2L1,,,,,NEDD4L,PTPRD,SIPA1L1,,NFKBIA
NDUFA9,PMS2,,,P2RX6,NABP1,ODC1,LCAT,PSMB3,,PARP14,PAPSS2,PRMT2,,SERPING1,NUMA1,SSRP1,,,LTA4H,PAPSS2,,TSN,,MET,,MYH10,IL9,,,,PLOD2,PPT1,MYL3,MXD1,NEK2,MXRA5,NOP2,NAP1L2,,NNT,,,,,NFIL3,RAB27A,SLC22A18,,NFKBIE
NDUFAB1,PNN,,,P2RY4,NDUFA5,OSTC,LEAP2,PSMC4,,PDE4B,PCP4,PROCR,,SH2B2,NUP50,STX3,,,LTF,PDLIM3,,TSSK2,,MIF,,MYH9,INHBA,,,,PNO1,PRF1,MYL4,MYC,NET1,MYL9,NRP1,NGF,,NR3C1,,,,,NOCT,RASGRP1,SLC7A1,,NINJ1
NDUFB1,POLA2,,,PAX3,NDUFAB1,PCBD1,LONP1,PSMC6,,PELI1,PDCD4,PTPN14,,SIRT2,NUP98,SUPT4H1,,,LYN,PDZK1,,TTK,,MIOX,,MYL12B,INHBB,,,,PNP,PSEN1,MYL6B,NAMPT,NF1,MYLK,NT5E,NIN,,NUDT4,,,,,NR3C1,RET,SMAD3,,NR4A1
NDUFB2,POLD1,,,PAX4,NDUFB7,PDHA1,LPIN2,PSMD1,,PFKP,PDLIM3,PTPRE,,SPARC,NUSAP1,SUPT5H,,,MAFF,PEX11A,,TUBA3C,,MPI,,MYL9,IRF4,,,,POLR3G,PSEN2,MYL7,NDP,NIN,NID2,ODC1,NR0B2,,OPTN,,,,,P4HA1,RFC4,SMAD7,,NR4A2
NDUFB3,POLD2,,,PCDHB1,NDUFS3,PDHB,MAN1A1,PSMD14,,PIM1,PDZK1,PVT1,,TF,ODC1,SURF1,,,ME1,PGR,,TULP2,,MXI1,,NECTIN1,IRF7,,,,PPA1,PTK2,MYLK,NFKB1,NOTCH2,NNMT,P2RX4,NR1H4,,OSBP2,,,,,P4HA2,RHOB,SNAI2,,NR4A3
NDUFB4,POLD3,,,PDCD1,NKIRAS1,PPARA,MAOA,PSMD3,,PLA2G4A,PERP,RAB40C,,TFPI2,ODF2,TAF10,,,MMP12,PLAAT3,,VDAC3,,NANP,,NECTIN2,IRF8,,,,PPIA,RARA,MYO1C,NFKBIA,NUMA1,NOTCH2,P4HA1,NRP1,,P4HA2,,,,,PAM,RPN1,SPOP,,OLR1
NDUFB5,POLE,,,PDE6B,NMT1,PRDX6,MARCHF6,PSMD7,,PLSCR1,PGR,RACK1,,THBD,ORC5,TAF12,,,MMP13,PMAIP1,,YBX2,,NASP,,NECTIN3,ITGAL,,,,PPP1R15A,RELA,MYOG,NLRP3,NUSAP1,NT5E,PDCD2L,PCP4,,PC,,,,,PCK1,RRAD,SRI,,PANX1
NDUFB6,POLE4,,,PDK2,OMD,PSME1,MBL2,PSMD8,,PML,PKP3,RAD51C,,THBS1,ORC6,TAF13,,,MMP14,PODXL,,ZC2HC1C,,NDST3,,NECTIN4,ITGB2,,,,PRDX1,RETSAT,MYOM1,NMI,OPHN1,NTM,PENK,PCSK1N,,PDZK1IP1,,,,,PDGFB,RXRB,SYNE1,,PDE4B
NDUFB7,POP7,,,PKP1,ORM1,PTPRG,MCCC2,PTGES3,,PNP,PLAAT3,RAD9A,,TIMP1,PAFAH1B1,TAF1C,,,MMP15,PPIF,,ZC3H14,,NDUFV3,,NEGR1,ITK,,,,PSAT1,RHOB,MYOM2,NMUR1,PAFAH1B1,OXTR,PHLDA1,PDCD1LG2,,PGLS,,,,,PDK1,SELENOW,SYNJ2,,PDLIM5
NDUFB8,PPM1D,,,PLAG1,PDCD4,PTS,MPP2,PWP1,,PNPT1,PLAC1,RALGDS,,TIMP3,PBK,TAF6,,,MMP8,PRSS23,,ZNRF4,,NOL3,,NEXN,JAK2,,,,PSMA3,RHOT2,MYOZ1,NOD2,PALLD,P3H1,PHTF2,PECAM1,,PICALM,,,,,PDK3,SHOX2,TENT4A,,PER1
NDUFC1,PPP1R8,,,PNMT,PEMT,RAP1GDS1,MT2A,RACK1,,PSMA2,PLK4,RAP2B,,TMPRSS6,PDS5B,TAF9,,,MSRB1,PTGES,,ZPBP,,NSDHL,,NF1,KLRD1,,,,PSMA4,RNASEL,NAV2,NPFFR2,PCGF5,PCOLCE,PIM1,PEG3,,PIGQ,,,,,PFKFB3,SIGMAR1,TFPI,,PFKFB3
NDUFC2,PRDX4,,,PRKN,PEX14,RDH11,MTHFD1,RAD23B,,PSMA3,PLXNB1,RB1,,USP11,PLK1,TARBP2,,,MT3,RAB17,,,,NT5E,,NF2,KRT1,,,,PSMB5,ROCK1,NCAM1,OLR1,PCM1,PCOLCE2,PLAGL1,PIGR,,PPOX,,,,,PFKL,SLC25A4,TGFBR2,,PHLDA1
NDUFS1,PRIM2,,,PRODH,PFKFB3,RDH16,NDRG2,RAN,,PSMB10,PPIF,RCHY1,,VWF,PLK4,TK2,,,NOTCH4,RAB31,,,,P4HA1,,NFASC,LCK,,,,PSMC2,SAT1,NOS1,OPRK1,PCNT,PDGFRB,PLEC,PLAT,,PPP2R5B,,,,,PFKP,SLC6A12,TGFBR3,,PHLDA2
NDUFS2,PRKDC,,,PROP1,PFKL,REEP6,NFS1,RANBP1,,PSMB2,PRKAR2B,RETSAT,,WDR1,PML,TMED2,,,OLR1,RAPGEFL1,,,,P4HA2,,NHERF4,LCP2,,,,PSMC4,SATB1,NOTCH1,OSM,PDLIM5,PDLIM4,PLIN2,PLAU,,PRDX2,,,,,PGAM2,SLC6A8,TJP1,,PLAU
NDUFS3,PRPS1,,,PTGFR,PGM1,RETSAT,NINJ1,RFC4,,PSMB8,PRLR,RGS16,,,POLA2,TP53,,,PCLO,RARA,,,,PAM,,NLGN2,LIF,,,,PSMC6,SC5D,NQO1,OSMR,PIF1,PFN2,PLPP1,PLAUR,,PSMD9,,,,,PGF,SPR,TOGARAM1,,PLAUR
NDUFS4,PSIP1,,,PTPRJ,PHLDB1,S100A10,NMT1,RNPS1,,PSMB9,PRSS23,RHBDF2,,,POLE,TSG101,,,PCSK9,RASGRP1,,,,PAXIP1,,NLGN3,LTB,,,,PSMD12,SLC20A1,OCEL1,P2RX4,PKD2,PLAUR,PLSCR1,PLEK2,,RAD23A,,,,,PGK1,SQSTM1,VAV2,,PLEK
NDUFS6,PSMC3IP,,,RGS11,PHYH,SDHA,NPC1,RPL14,,PSME1,PTGER3,RNF19B,,,POLQ,TYMS,,,PDGFB,RBBP8,,,,PC,,NRAP,LY75,,,,PSMD13,SMAD7,PC,P2RX7,PLEKHG2,PLOD1,PNP,PLVAP,,RANBP10,,,,,PGM1,STARD3,VLDLR,,PLK2
NDUFS7,PTTG1,,,RIBC2,PIM3,SDHC,NQO1,RPL18,,PSME2,PTGES,RPL18,,,PRC1,UMPS,,,PDP1,REEP1,,,,PDK3,,NRTN,LY86,,,,PSMD14,SOD1,PDE4DIP,P2RY2,PLK1,PLOD2,POU2F1,PPBP,,RAP1GAP,,,,,PGM2,STIP1,WDR37,,PLPP3
NDUFS8,RACGAP1,,,RSAD2,PLIN2,SDHD,PAPSS2,RPL22,,PTGS2,PTPN6,RPL36,,,PRIM2,UPF3B,,,PFN1,RET,,,,PFKFB1,,NRXN2,LYN,,,,PSME3,SPTAN1,PDLIM7,PCDH7,PPP4R2,PLOD3,PRAF2,PPP1R15A,,RBM38,,,,,PHKG1,STK25,YTHDC1,,PMEPA1
NDUFV1,RAD1,,,RYR1,POR,SERINC1,PC,RPL34,,PTPN1,RAB31,RPS12,,,PRMT5,USP11,,,PHEX,RETREG1,,,,PFKP,,PALS1,MAP3K7,,,,PSMG1,SQSTM1,PFKM,PDE4B,PRC1,PMEPA1,PRKCH,PRDM1,,RBM5,,,,,PIM1,SULT1A1,ZMIZ1,,PNRC1
NDUFV2,RAD21,,,RYR2,PPARG,SLC22A5,PDK4,RPL6,,PTPN2,RABEP1,RPS27L,,,PRPF4B,VPS28,,,PIK3CA,RHOBTB3,,,,PGAM1,,PARD6G,MAP4K1,,,,PSPH,TAP1,PGAM2,PDPN,PREX1,PMP22,PRNP,PRELID3B,,RCL1,,,,,PKLR,TACR3,,,PPP1R15A
NNT,RAD50,,,SCGB1A1,PPM1B,SMS,PDLIM5,RPLP0,,PTPN6,RAPGEFL1,RRAD,,,PTTG1,VPS37B,,,PIK3CG,RHOD,,,,PGAM2,,PARVA,MBL2,,,,QDPR,TGFB2,PICK1,PIK3R5,PXN,POSTN,PTCH1,PRKG2,,RHAG,,,,,PKP1,TAP1,,,PTGER4
NQO2,RAD51AP1,,,SCN10A,PPP1R15B,SUCLA2,PEMT,RPS10,,RAPGEF6,RBBP8,RRP8,,,PURA,VPS37D,,,PIK3R5,RPS6KA2,,,,PGK1,,PBX2,MMP9,,,,RAB1A,TGFBR3,PKIA,PLAUR,RAB3GAP1,PPIB,PTGER2,PRRX1,,RHCE,,,,,PLAC8,TARS1,,,PTGS2
OAT,RAD51C,,,SELENOP,PRDX3,SUCLG1,PGD,RPS2,,RBCK1,RET,RXRA,,,RACGAP1,XPC,,,PIM1,RRP12,,,,PGLS,,PCDH1,MRPL3,,,,RDH11,TIMP1,PLXNB2,PROK2,RABGAP1,PRRX1,PTH1R,PSMB8,,RHD,,,,,PLAUR,TCHH,,,PTPRE
OGDH,RAN,,,SERPINA10,PREB,SUCLG2,PGRMC1,RPS3,,RIGI,RNASEH2A,S100A10,,,RAD21,ZNF707,,,PLA2G4A,SCARB1,,,,PGM2,,PECAM1,MTIF2,,,,RIT1,TIMP2,PPFIA4,PSEN1,RACGAP1,PRSS2,PTRH2,PTBP2,,RIOK3,,,,,PLIN2,TFRC,,,PTX3
OPA1,RANBP1,,,SERPINB2,PTCD3,TDO2,PINK1,RPS5,,RIPK1,RPS6KA2,S100A4,,,RAD23B,ZWINT,,,PLA2G7,SCNN1A,,,,PHKA2,,PFN1,NCF4,,,,RPA1,TIMP3,PPP1R3C,PTAFR,RALBP1,PTHLH,PUS1,PTCD2,,RNF123,,,,,PNRC1,TGFBRAP1,,,RCAN1
OXA1L,RBBP7,,,SGK1,PTGER3,TP53INP2,PLG,RPS6,,RIPK2,S100A9,SAT1,,,RAD54L,,,,PLAT,SEC14L2,,,,PKM,,PIK3CB,NCK1,,,,RPN1,TNF,PRNP,PTGER2,RANBP9,PTX3,RABGAP1L,PTGS2,,RNF19A,,,,,PPARGC1A,TMBIM6,,,REL
PDHA1,RFC1,,,SHOX2,QDPR,UBE2L6,PMM1,RRM1,,RNF213,SCARB1,SDC1,,,RASAL2,,,,PLAUR,SEMA3B,,,,PKP2,,PIK3R3,NCR1,,,,RRM2,TNFRSF12A,PSEN2,PTGER4,RAPGEF5,PVR,RGS16,PTPRR,,SDCBP,,,,,PPFIA4,TST,,,RELA
PDHB,RFC2,,,SIDT1,RAB34,UGDH,POR,RRP9,,RNF31,SCNN1A,SEC61A1,,,RBL1,,,,PLEK,SFN,,,,PLOD1,,PKD1,NLRP3,,,,RRP9,TNFSF10,PTGIS,PTGIR,RAPGEF6,QSOX1,RHOB,RABGAP1L,,SEC14L1,,,,,PPP1R15A,TUBA4A,,,RELB
PDHX,RFC3,,,SKIL,REEP5,UROD,PPARD,RSL1D1,,RSAD2,SCUBE2,SERPINB5,,,RBM14,,,,PLG,SH3BP5,,,,PLOD2,,PLCG1,NME1,,,,SC5D,TOP2A,PTP4A3,PTPRE,RASA1,RGS4,RHOH,RBM4,,SELENBP1,,,,,PPP1R3C,TYRO3,,,RHOB
PDK4,RNASEH2A,,,SLC12A3,REEP6,UROS,PROS1,RUVBL2,,RTP4,SEMA3B,SERTAD3,,,RPA2,,,,PLSCR1,SIAH2,,,,PMM2,,PPP2R2C,NOS2,,,,SCD,TSPO,PVALB,PVR,RASA2,RHOB,RNH1,RBP4,,SIDT2,,,,,PRDX5,UROD,,,RIGI
PDP1,RPA1,,,SLC16A7,RETN,VNN1,PSMB10,SERBP1,,SAMD9L,SERPINA1,SESN1,,,RPS6KA5,,,,PPP2CB,SLC16A1,,,,POLR3K,,PTEN,NPM1,,,,SDF2L1,TXNIP,PYGM,RAF1,RASAL2,SAT1,RORA,RELN,,SLC10A3,,,,,PRKCA,WIZ,,,RIPK2
PHB2,RPA2,,,SLC25A23,RETSAT,XIST,PTGDS,SET,,SAMHD1,SERPINA3,SFN,,,SAP30,,,,PPP4C,SLC19A2,,,,PPFIA4,,PTK2,PF4,,,,SEC11A,VDAC2,RB1,RASGRP1,RFC1,SCG2,RRAGD,RETN,,SLC11A2,,,,,PYGM,YKT6,,,RNF19B
PHYH,RPA3,,,SLC29A3,RIOK3,YWHAH,PTGES,SF3A1,,SECTM1,SERPINA5,SLC19A2,,,SFPQ,,,,PRCP,SLC1A1,,,,PPIA,,PTPRC,PRF1,,,,SERP1,WEE1,REEP1,RELA,RHOF,SDC1,S100A1,RGS16,,SLC22A4,,,,,RBPJ,,,,SAT1
PMPCA,RRM2,,,SLC30A3,RMDN3,,PTGES3,SF3B3,,SELP,SFN,SLC35D1,,,SLC12A2,,,,PRDM4,SLC1A4,,,,PPP2CB,,RAC2,PRKCB,,,,SERPINH1,XIAP,RIT1,RGS1,RHOT2,SDC4,SCN9A,SATB1,,SLC25A37,,,,,RORA,,,,SDC4
POLR2F,SHMT1,,,SLC38A3,RNF11,,PTGR1,SLC25A3,,SERPING1,SGK1,SLC3A2,,,SLC38A1,,,,PREP,SLC22A5,,,,PRPS1,,RASA1,PRKCG,,,,SHMT2,,RYR1,RGS16,RICTOR,SERPINE1,SELL,SCG3,,SLC25A38,,,,,RRAGD,,,,SERPINB2
POR,SLBP,,,SLC5A5,RREB1,,PTS,SMARCC1,,SLAMF7,SIAH2,SLC7A11,,,SLC7A1,,,,PRKCD,SLC24A3,,,,PSMC4,,RHOF,PSMB10,,,,SKAP2,,SCD,RHOG,ROCK1,SERPINE2,SELP,SCG5,,SLC2A1,,,,,S100A4,,,,SERPINB8
PRDX3,SMC1A,,,SLC6A14,RTN3,,PYCR1,SNRPA,,SLC25A28,SLC16A1,SOCS1,,,SLC7A5,,,,PRSS3,SLC26A2,,,,PYGB,,RRAS,PTPN6,,,,SLA,,SCHIP1,RIPK2,SAC3D1,SERPINH1,SERPINB6,SCN1B,,SLC30A1,,,,,SAP30,,,,SERPINE1
RETSAT,SMC3,,,SLC6A3,SAMM50,,RAP1GAP,SNRPA1,,SOCS1,SLC1A4,SP1,,,SMAD3,,,,PRSS36,SLC27A2,,,,PYGL,,RSU1,PTPRC,,,,SLC1A4,,SGCA,RNF144B,SASS6,SFRP1,SERPINC1,SDCCAG8,,SLC30A10,,,,,SCARB1,,,,SGK1
RHOT1,SMC4,,,SMPX,SCARB1,,RBP4,SNRPB2,,SOCS3,SLC22A5,SPHK1,,,SMARCC1,,,,PSEN1,SLC2A1,,,,QSOX1,,SDC3,RARS1,,,,SLC1A5,,SGCD,ROS1,SEPTIN9,SFRP4,SH3BGRL2,SEMA3B,,SLC4A1,,,,,SDC2,,,,SIK1
RHOT2,SMC6,,,SNCB,SCP2,,REG1A,SNRPD1,,SP110,SLC24A3,ST14,,,SMC1A,,,,PSMB9,SLC37A1,,,,RARS1,,SGCE,RIPK2,,,,SLC2A1,,SGCG,RTP4,SHROOM1,SGCB,SHE,SERPINA3,,SLC66A2,,,,,SDC3,,,,SLC16A6
SDHA,SNRPB,,,SNN,SDHB,,RETSAT,SNRPD2,,SPPL2A,SLC26A2,STEAP3,,,SMC2,,,,RABIF,SLC39A6,,,,RBCK1,,SHC1,RPL39,,,,SLC2A3,,SH2B1,SCARF1,SHROOM2,SGCD,SLC1A5,SLPI,,SLC6A8,,,,,SDC4,,,,SLC2A3
SDHB,SPAG5,,,SOX10,SDHC,,SAR1B,SNRPD3,,SRI,SLC27A2,STOM,,,SMC4,,,,RAF1,SLC7A2,,,,RPE,,SHROOM2,RPL3L,,,,SLC37A4,,SH3BGR,SCN1B,SMC1A,SGCG,SLC29A2,SNAP25,,SLC6A9,,,,,SELENBP1,,,,SLC2A6
SDHC,SPC24,,,SPHK2,SLC19A1,,SERPINA6,SNRPG,,SSPN,SLC29A1,TAP1,,,SNRPD1,,,,RASGRP1,SLC7A5,,,,RRAGD,,SIRPA,RPL9,,,,SLC6A6,,SIRT2,SELE,SMC3,SLC6A8,SLC2A3,SNAP91,,SLC7A11,,,,,SERPINE1,,,,SMAD3
SDHD,SPC25,,,SPRR3,SLC1A5,,SERPINE1,SRM,,ST3GAL5,SLC2A8,TAX1BP3,,,SQLE,,,,RBSN,SNX24,,,,SAP30,,SKAP2,RPS19,,,,SLC7A11,,SLC6A8,SELENOS,SMC4,SLIT2,SLC39A8,SOX9,,SMOX,,,,,SIAH2,,,,SNN
SLC25A11,SRSF1,,,SPTBN2,SLC25A1,,SERTAD1,SRPK1,,ST8SIA4,SLC7A5,TCHH,,,SRSF1,,,,RCE1,SOX3,,,,SDC1,,SLC30A3,RPS3A,,,,SLC7A5,,SLN,SELL,SORBS2,SLIT3,SMPDL3A,SPARCL1,,SNCA,,,,,SLC25A1,,,,SOCS3
SLC25A12,SRSF2,,,SSTR4,SLC25A10,,SHMT2,SRSF1,,STAT1,SNX10,TCN2,,,SRSF10,,,,RHOG,STC2,,,,SDC2,,SLIT2,RPS9,,,,SORD,,SMTN,SEMA4D,SOS1,SNAI2,SNX14,SPON1,,SPTA1,,,,,SLC2A1,,,,SPHK1
SLC25A20,SSRP1,,,STAG3,SLC27A1,,SLC12A4,SRSF2,,STAT2,SORD,TGFA,,,SRSF2,,,,RNF4,SULT2B1,,,,SDC3,,SORBS3,SIT1,,,,SQLE,,SOD3,SERPINE1,SPTAN1,SNTB1,SNX9,SPP1,,SPTB,,,,,SLC2A3,,,,SPSB1
SLC25A3,STAG1,,,SYNPO,SLC5A6,,SLC1A5,SRSF3,,STAT3,SOX3,TGFB1,,,SS18,,,,S100A12,SVIL,,,,SDHC,,SPEG,SOCS1,,,,SQSTM1,,SORBS1,SGMS2,SPTBN1,SPARC,SOCS1,SPRY2,,SYNJ1,,,,,SLC2A5,,,,SQSTM1
SLC25A4,STMN1,,,TAS2R4,SLC66A3,,SLC22A1,SRSF7,,STAT4,ST14,TM4SF1,,,STAG1,,,,S100A13,SYBU,,,,SLC16A3,,SRC,SOCS5,,,,SRD5A1,,SORBS3,SLAMF1,SSH2,SPOCK1,SOCS2,ST6GAL1,,TAL1,,,,,SLC37A4,,,,STAT5A
SLC25A5,SUV39H1,,,TCF7L1,SNCG,,SLC35B1,SSB,,TAP1,ST6GALNAC2,TM7SF3,,,STIL,,,,S100A9,SYNGR1,,,,SLC25A10,,STX4,SPI1,,,,SSR1,,SPARC,SLC11A2,STAU1,SPP1,SPP1,STRN,,TCEA1,,,,,SLC6A6,,,,TANK
SLC25A6,SYNCRIP,,,TCL1A,SOD1,,SLC35D1,SSBP1,,TAPBP,STIL,TNFSF9,,,STMN1,,,,SCG3,SYT12,,,,SLC25A13,,SYK,SRGN,,,,STARD4,,SPDEF,SLC1A2,STK38L,TAGLN,SPRED2,TFPI,,TENT5C,,,,,SRPX,,,,TAP1
SUCLA2,TACC3,,,TENM2,SORBS1,,SLC46A3,STARD7,,TDRD7,SULT2B1,TNNI1,,,SUV39H1,,,,SERPINA1,TBC1D30,,,,SLC35A3,,SYMPK,ST8SIA4,,,,STC1,,SPEG,SLC28A2,SUN2,TFPI2,SPRY4,TLR8,,TFDP2,,,,,STBD1,,,,TGIF1
SUCLG1,TBRG4,,,TENT5C,SOWAHC,,SLC6A12,SYNCRIP,,TNFAIP2,TFAP2C,TOB1,,,SYNCRIP,,,,SERPINB2,TFAP2C,,,,SLC37A4,,TAOK2,STAB1,,,,STIP1,,SPHK1,SLC31A1,SYNPO,TGFB1,ST3GAL4,TMEM100,,TFRC,,,,,STC1,,,,TIPARP
SUPV3L1,TCF19,,,TEX15,SPARCL1,,SLC6A6,TARDBP,,TNFAIP3,TFF1,TP53,,,TACC3,,,,SERPINC1,TFF1,,,,SOD1,,TGFBI,STAT1,,,,SYTL2,,SPTAN1,SLC31A2,TAOK2,TGFBI,SWAP70,TMEM158,,TMCC2,,,,,STC2,,,,TLR2
SURF1,TFRC,,,TFAP2B,SQOR,,SMOX,TCP1,,TNFAIP6,TFF3,TP63,,,TENT4A,,,,SERPINE1,TFF3,,,,SOX9,,THBS3,STAT4,,,,TBK1,,SSPN,SLC4A4,TBCD,TGFBR3,SYNGR2,TMEM176A,,TMEM9B,,,,,SULT2B1,,,,TNC
TCIRG1,TIMELESS,,,TFCP2L1,SSPN,,SPINT2,TFDP1,,TNFSF10,TFPI2,TPD52L1,,,TFDP1,,,,SERPING1,TGIF2,,,,SPAG4,,THY1,TAP1,,,,TCEA1,,STC2,SLC7A1,TIAM1,TGM2,SYT11,TMEM176B,,TNRC6B,,,,,TES,,,,TNF
TIMM10,TIPIN,,,TFF2,STAT5A,,SSR3,TOMM70,,TOR1B,TH,TPRKB,,,TGFB1,,,,SH2B3,TGM2,,,,SRD5A3,,TIAL1,TAP2,,,,TES,,SVIL,SLC7A2,TLK1,THBS1,TGM2,TNFAIP3,,TNS1,,,,,TGFB3,,,,TNFAIP2
TIMM13,TK1,,,TG,STOM,,TAT,TRA2B,,TRAFD1,TIAM1,TRAF4,,,TLE3,,,,SIRT6,THSD4,,,,STC1,,TJP1,TAPBP,,,,TFRC,,SYNGR2,SPHK1,TOP2A,THBS2,TIAM1,TNFRSF1B,,TOP1,,,,,TGFBI,,,,TNFAIP3
TIMM17A,TMPO,,,TGFB2,SUCLG1,,TDO2,TRIM28,,TRIM14,TJP3,TRAFD1,,,TMPO,,,,SPOCK2,TIAM1,,,,STC2,,TMEM8B,TGFB1,,,,TM7SF2,,TAGLN,SRI,TPX2,THY1,TLR7,TNNT2,,TRAK2,,,,,TGM2,,,,TNFAIP6
TIMM50,TOP2A,,,TGM1,SULT1A1,,TGFB2,TUFM,,TRIM21,TMPRSS3,TRIAP1,,,TNPO2,,,,SRC,TIPARP,,,,STMN1,,TNFRSF11B,TGFB2,,,,TMEM97,,TCAP,STAB1,TRIO,TIMP1,TNFRSF18,TOR1AIP2,,TRIM10,,,,,TIPARP,,,,TNFAIP8
TIMM8B,TP53,,,THNSL2,TALDO1,,TKFC,TXNL4A,,TRIM25,TNNC1,TRIB3,,,TOP1,,,,STX4,TJP3,,,,TALDO1,,TRAF1,THY1,,,,TOMM40,,TEAD4,TACR1,TSC1,TIMP3,TNFRSF1B,TPH1,,TRIM58,,,,,TKTL1,,,,TNFRSF9
TIMM9,TRA2B,,,THRB,TANK,,TMBIM6,TYMS,,TRIM26,TOB1,TSC22D1,,,TOP2A,,,,TFPI2,TMEM164,,,,TFF3,,TRO,TIMP1,,,,TPI1,,TGFB1,TACR3,TTK,TNC,TNFRSF21,TRAF1,,TSPAN5,,,,,TMEM45A,,,,TNFSF9
TOMM22,TRIP13,,,TLX1,TKT,,TMEM176B,U2AF1,,TXNIP,TOP2A,TSPYL2,,,TPX2,,,,TIMP1,TMPRSS3,,,,TGFA,,TSC1,TLR1,,,,TRIB3,,TNNC1,TAPBP,TUBA4A,TNFAIP3,TNFRSF4,TRIB1,,TSPO2,,,,,TNFAIP3,,,,TNIP1
TOMM70,TUBB,,,TNNI3,TOB1,,TMEM97,UBA2,,UBE2L6,TPBG,TXNIP,,,TRA2B,,,,TIMP2,TOB1,,,,TGFBI,,TSPAN4,TLR2,,,,TUBA4A,,TNNC2,TIMP1,TUBD1,TNFRSF11B,TNFRSF8,TRIB2,,TYR,,,,,TPBG,,,,TNIP2
UQCR10,TUBG1,,,TSHB,TST,,TNFRSF1A,UBE2E1,,UPP1,TPD52L1,UPP1,,,TRAIP,,,,TMPRSS6,TPBG,,,,TKTL1,,TUBG1,TLR3,,,,TUBG1,,TNNI1,TLR1,TUBGCP2,TNFRSF12A,TNFRSF9,TSPAN1,,UBAC1,,,,,TPD52,,,,TRAF1
UQCR11,UBE2S,,,UGT2B17,UBC,,TPST1,UBE2L3,,USP18,TPSAB1,VAMP8,,,TROAP,,,,TNFAIP3,TPD52L1,,,,TPBG,,VASP,TLR6,,,,TXNRD1,,TNNI2,TLR2,TUBGCP3,TPM1,TNFSF10,TSPAN13,,UCP2,,,,,TPI1,,,,TRIB1
UQCRB,UBE2T,,,UPK3B,UBQLN1,,TTPA,USP1,,VAMP5,TRIM29,VDR,,,TTK,,,,USP14,TSKU,,,,TPI1,,VAV2,TNF,,,,UBE2D3,,TNNT1,TLR3,TUBGCP5,TPM2,TNFSF11,TSPAN7,,UROD,,,,,TPST2,,,,TRIP10
UQCRC1,UBR7,,,VPREB1,UCK1,,TYR,VBP1,,VAMP8,TSPAN13,VWA5A,,,UBE2C,,,,USP15,TTC39A,,,,TPST1,,VCAM1,TPD52,,,,UCHL5,,TNNT2,TNFAIP6,TUBGCP6,TPM4,TRAF1,USH1C,,UROS,,,,,UGP2,,,,TSC22D1
UQCRC2,UNG,,,VPS50,UCP2,,UGDH,VDAC1,,VCAM1,TST,WRAP73,,,UBE2S,,,,USP16,TUBB2B,,,,TXN,,VCAN,TRAF2,,,,UFM1,,TNNT3,TNFRSF1B,UXT,VCAM1,TTC39B,USP12,,USP15,,,,,VEGFA,,,,TUBB2A
UQCRFS1,USP1,,,WNT16,UQCR10,,UPB1,VDAC3,,WARS1,UGDH,WWP1,,,UCK2,,,,USP8,UGCG,,,,UGP2,,VCL,TRAT1,,,,UNG,,TPD52L1,TNFRSF9,VCL,VCAN,TWSG1,VWA5A,,VEZF1,,,,,VHL,,,,VEGFA
UQCRH,WDR90,,,YBX2,UQCR11,,UPP1,XPO1,,XAF1,UNC13B,XPC,,,UPF1,,,,VCPIP1,UNC119,,,,VCAN,,VWF,UBE2D1,,,,USO1,,TPM2,TNFSF10,WASF1,VEGFA,UCK2,WDR33,,XK,,,,,VLDLR,,,,YRDC
UQCRQ,WEE1,,,YPEL1,UQCRC1,,VNN1,XPOT,,XCL1,WFS1,ZBTB16,,,WRN,,,,WAS,WFS1,,,,VEGFA,,WASL,UBE2N,,,,VLDLR,,TPM3,TNFSF15,WASF2,VEGFC,UMPS,WNT7A,,XPO7,,,,,WSB1,,,,ZBTB10
VDAC1,XPO1,,,ZBTB16,UQCRQ,,VTN,XRCC6,,ZBP1,XBP1,ZFP36L1,,,XPO1,,,,XPNPEP1,WWC1,,,,VLDLR,,WNK4,WARS1,,,,WARS1,,TSC2,TNFSF9,WASL,VIM,WLS,YRDC,,YPEL5,,,,,XPNPEP1,,,,ZC3H12A
VDAC2,XRCC6,,,ZC2HC1C,VEGFB,,XDH,YWHAE,,ZNFX1,XRCC3,ZMAT3,,,YTHDC1,,,,ZEB1,XBP1,,,,XYLT2,,YWHAH,WAS,,,,XBP1,,VIPR1,TPBG,YWHAE,WIPF1,XBP1,ZNF277,,,,,,,ZFP36,,,,ZFP36
VDAC3,ZW10,,,ZNF112,YWHAG,,,YWHAQ,,,ZFP36,ZNF365,,,,,,,ZFPM2,ZNF185,,,,ZNF292,,ZYX,ZAP70,,,,YKT6,,WWTR1,VIP,,WNT5A,,ZNF639,,,,,,,ZNF292,,,,
